product_id,product_code,product_name,cost_price,supplier_name,selling_price,stock_amount,stock_value,取置在庫数,取置在庫金額,stock_for_calc,stock_value_retail,sales_ratio,estimated_daily_sales_value,daily_sales,cumulative_ratio,rank,order_current,order_ranked,order_value_current,order_value_ranked,stock_days
12002.0,4.93679E+12,甲州韮崎ハイボール 350ml,152,日本酒類販売,290,227,34504,0,0,227,65830,0.019058907455295673,5374.806938546339,18.533817029470132,0.019058907455295676,A,0,13.939621383111728,0,2118.8224502329826,12.247881784904497
9352220000000.0,20240722053,麻婆ソース 105gx2袋,860,かかん,1240,40,34400,0,0,40,49600,0.014360045720532665,4049.6798443247517,3.2658708421973803,0.033418953175828346,A,0,2.4563209485659527,0,2112.4360157667193,12.247881784904497
9352220000000.0,20221218001,フォレストジン 500ml,4380,日本草木研究所,5500,7,30660,0,0,7,38500,0.011146406456461847,3143.4006856149786,0.5715273973845415,0.04456535963229019,A,0,0.4298561659990394,0,1882.7700070757926,12.247881784904497
9352220000000.0,4.57147E+12,しぜんしゅ やまもり2025 720ml,2250,パタゴニア,3000,11,24750,0,0,11,33000,0.009554062676967297,2694.3434448128387,0.8981144816042795,0.054119422309257495,A,0,0.6754882608556336,0,1519.8485869251756,12.247881784904497
11004.0,8.50786E+11,コーヴァル バレルド・ドライジン 500ml,4500,アルコール.ゆうき八百屋,6500,5,22500,0,0,5,32500,0.009409304151558702,2653.5200592853716,0.40823385527467254,0.0635287264608162,A,0,0.3070401185707441,0,1381.6805335683484,12.247881784904497
14316.0,4.5895E+12,べにはるか ひとくち 100g,350,クロサワファーム,560,57,19950,0,0,57,31920,0.00924138426208473,2606.1649320735096,4.653865950131267,0.07277011072290092,A,0,3.500257351706466,0,1225.090073097263,12.247881784904497
9352220000000.0,2510222,チャイプレッソベース 200ml,1295,Chiyaba,1850,17,22015,0,0,17,31450,0.009105311248200652,2567.7909496776906,1.3879951079338868,0.08187542197110158,A,0,1.0439364031405276,0,1351.8976420669833,12.247881784904495
9352220000000.0,9.00415E+12,アッサムチャイ 1.8gx18袋,720,おもちゃ箱,1200,23,16560,0,0,23,27600,0.007990670602554466,2253.4508811161922,1.8778757342634935,0.08986609257365605,A,0,1.412384545425418,0,1016.916872706301,12.247881784904497
15945.0,2022061701,White Monday 生マッコリ 700ml,1614,white monday,2410,11,17754,0,0,11,26510,0.007675097017163728,2164.455900666314,0.8981144816042796,0.09754118959081978,A,0,0.6754882608556354,0,1090.2380530209955,12.247881784904495
9352220000000.0,4.58241E+12,薬膳おやつ ドライなつめ 20g,294,ブラウンシュガーファースト,460,56,16464,0,0,56,25760,0.007457959229050836,2103.220822375113,4.572219179076333,0.10499914881987062,A,0,3.4388493279923367,0,1011.0217024297469,12.247881784904495
9352220000000.0,2512152,SANアソートボックス(ブレンド) 6包入,1480,SAN,2110,12,17760,0,0,12,25320,0.0073305717266912715,2067.2962431109418,0.9797612526592141,0.11232972054656189,A,0,0.7368962845697844,0,1090.6065011632809,12.247881784904497
9352220000000.0,4.56045E+12,響果 350ml,410,FAR YEAST BREWING,630,39,15990,0,0,39,24570,0.007113433938578379,2006.061164819741,3.184224071142446,0.11944315448514024,A,0,2.394912924851795,0,981.9142991892359,12.247881784904495
14796.0,20240722172,ひらめき 2gx7包,778,丹沢ハーブ,1290,19,14782,0,0,19,24510,0.007096062915529347,2001.1623585564448,1.5512886500437557,0.1265392174006696,A,0,1.166752450568822,0,907.7334065425435,12.247881784904495
1999.0,4.58241E+12,薬膳おやつ ドライなつめ 80g,840,ブラウンシュガーファースト,1290,19,15960,0,0,19,24510,0.007096062915529347,2001.1623585564448,1.5512886500437557,0.13363528031619895,A,0,1.166752450568822,0,980.0720584778105,12.247881784904495
9352220000000.0,4.56049E+12,おいもチップス さつまいも 60g,292,山本佐太郎商店,460,50,14600,0,0,50,23000,0.006658892168795389,1877.8757342634935,4.082338552746725,0.14029417248499435,A,0,3.070401185707432,0,896.5571462265701,12.247881784904498
14344.0,4.58062E+12,クラタペッパー＆木桶仕込醤油カシュー 160g,520,田地商店,790,28,14560,0,0,28,22120,0.006404117164076261,1806.0265757351515,2.2861095895381665,0.14669828964907058,A,0,1.7194246639961683,0,894.1008252780075,12.247881784904495
14798.0,20240722174,静心 2gx7包,778,丹沢ハーブ,1290,17,13226,0,0,17,21930,0.006349108924420995,1790.5136892347136,1.3879951079338866,0.1530473985734916,A,0,1.0439364031405276,0,812.1825216433305,12.247881784904497
9352220000000.0,2024030601,グラノーラクッキー 1枚,275,go! MUFFINS go!,420,51,14025,0,0,51,21420,0.0062014552285042275,1748.8738359966972,4.1639853238016595,0.15924885380199583,A,0,3.131809209421583,0,861.2475325909353,12.247881784904497
365.0,4.54419E+12,エチゴビール 白ビール 350ml,238,片山,380,56,13328,0,0,56,21280,0.006160922841389821,1737.4432880490065,4.572219179076333,0.16540977664338563,A,0,3.4388493279923367,0,818.4461400621761,12.247881784904495
406.0,4.51678E+12,発酵甘酒飲料 マイグルト 160ml,264,片山,390,54,14256,0,0,54,21060,0.006097229090210039,1719.4809984169208,4.408925636966464,0.17150700573359567,A,0,3.316033280564035,0,875.4327860689052,12.247881784904495
14123.0,fandcgoods3,エコバッグ(オレンジ),157,20250730001,890,23,3611,0,0,23,20470,0.005926414030227896,1671.3094034945095,1.8778757342634937,0.17743341976382357,A,0,1.412384545425418,0,221.74437363179064,12.247881784904495
9352220000000.0,4.5243E+12,フェアトレードチョコレート オーガニック ホワイトラズベリー 限定パッケージ 40g,334,A.ゆうき八百屋,510,40,13360,0,0,40,20400,0.005906147836670693,1665.5941295206642,3.2658708421973808,0.18333956760049427,A,0,2.4563209485659527,0,820.4111968210282,12.247881784904495
9352220000000.0,4.04489E+12,オーガニックチョコレートクランベリー 100g,552,ニコウトレーディング,850,23,12696,0,0,23,19550,0.005660058343476081,1596.1943741239697,1.8778757342634937,0.18899962594397032,A,0,1.412384545425418,0,779.6362690748308,12.247881784904495
9352220000000.0,4.57008E+12,やさしい焼菓子詰め合わせ(中) 1箱,2094,ココシュシュ,3230,6,12564,0,0,6,19380,0.005610840444837158,1582.3144230446308,0.48988062632960705,0.1946104663888075,A,0,0.3684481422848922,0,771.5304099445642,12.247881784904497
9352220000000.0,4.57008E+12,ヴィーガン生チョコレート 16粒入,1024,ココシュシュ,1480,13,13312,0,0,13,19240,0.0055703080577227514,1570.8838750969398,1.0614080237141486,0.20018077444653026,A,0,0.7983043082839334,0,817.4636116827478,12.247881784904497
9352220000000.0,2512601,アンフォラビアンコ,3723,kiki wine club,4800,4,14892,0,0,4,19200,0.0055587273756900635,1567.6180042547426,0.32658708421973803,0.2057395018222203,A,0,0.2456320948565942,0,914.4882891511003,12.247881784904497
9352220000000.0,4.59556E+12,チャンドラ 20g,1470,Chiyaba,2100,9,13230,0,0,9,18900,0.005471872260444907,1543.1239729382623,0.7348209394944106,0.21121137408266524,A,0,0.5526722134273392,0,812.4281537381886,12.247881784904495
9352220000000.0,4.59506E+12,チョコチップレーズンオートミールクッキー 3枚入り,700,じゆう,1100,17,11900,0,0,17,18700,0.005413968850281468,1526.7946187272753,1.3879951079338866,0.2166253429329467,A,0,1.0439364031405276,0,730.7554821983694,12.247881784904497
9352220000000.0,4.57142E+12,塩だけでつくる熟成ポークジャーキー 12g,356,ニックジャーキー,550,34,12104,0,0,34,18700,0.005413968850281468,1526.7946187272753,2.775990215867773,0.22203931178322817,A,0,2.087872806281055,0,743.2827190360556,12.247881784904497
9352220000000.0,4.57356E+12,さくら麗  350ml,428,アルコール.ゆうき八百屋,580,32,13696,0,0,32,18560,0.005373436463167062,1515.3640707795844,2.6126966737579043,0.22741274824639524,A,0,1.9650567588527537,0,841.0442927889785,12.247881784904497
9352220000000.0,4.97899E+12,おおまさりとろり蜜甘なつと 60g,385,Bocchi,580,32,12320,0,0,32,18560,0.005373436463167062,1515.3640707795844,2.6126966737579043,0.2327861847095623,A,0,1.9650567588527537,0,756.5468521583101,12.247881784904497
9352220000000.0,4.59512E+12,有機オートミールのクッキー(ココナッツ) 100g,585,アンドミール,930,19,11115,0,0,19,17670,0.005115766287939762,1442.698444540693,1.5512886500437557,0.23790195099750208,A,0,1.166752450568822,0,682.5501835827608,12.247881784904495
9339710000000.0,4.94003E+12,くりほうじ茶 350ml,100,パーソナルコンタクト,160,109,10900,0,0,109,17440,0.005049177366251808,1423.9196871980578,8.899498044987862,0.24295112836375388,A,0,6.693474584842221,0,669.3474584842221,12.247881784904495
9352220000000.0,4.54419E+12,エチゴスタウト 350ml,238,片山,380,45,10710,0,0,45,17100,0.004950741568973963,1396.1597850393803,3.6741046974720533,0.24790186993272784,A,0,2.7633610671366924,0,657.6799339785327,12.247881784904495
9352220000000.0,4.5824E+12,三年熟成 そのまんま梅の床250g,1248,てらがき農園,1880,9,11232,0,0,9,16920,0.004898628499826869,1381.4633662494919,0.7348209394944105,0.2528004984325547,A,0,0.5526722134273356,0,689.7349223573149,12.247881784904497
9352220000000.0,8.42357E+12,カヴァ アンヌマリー ブリュット ナチュレ レセルヴァ 750ml,1680,ディオニー,2800,6,10080,0,0,6,16800,0.004863886453728806,1371.6657537228998,0.48988062632960705,0.2576643848862835,A,0,0.3684481422848922,0,618.9928790386189,12.247881784904497
9352220000000.0,4.57357E+12,能登豚のパテドカンパーニュ 120g,595,BMO,930,18,10710,0,0,18,16740,0.004846515430679775,1366.766947459604,1.4696418789888215,0.2625109003169633,A,0,1.1053444268546784,0,657.6799339785337,12.247881784904493
9352220000000.0,4.5243E+12,フェアトレードチョコレート オーガニックミルク スペシャルパッケージ 50g,334,A.ゆうき八百屋,500,33,11022,0,0,33,16500,0.004777031338483648,1347.1717224064193,2.6943434448128385,0.26728793165544695,A,0,2.0264647825669044,0,676.8392373773461,12.247881784904497
11077.0,4.54419E+12,エチゴビール ピルスナー 350ml,238,片山,380,43,10234,0,0,43,16340,0.004730708610352898,1334.1082390376298,3.5108111553621835,0.2720186402657998,A,0,2.6405450197083837,0,628.4497146905953,12.247881784904497
8176.0,4.58996E+12,グラノーラ チェリー＆ピスタチオ 200g,585,マイベストグラノーラ,900,18,10530,0,0,18,16200,0.004690176223238492,1322.6776910899391,1.4696418789888213,0.2767088164890383,A,0,1.1053444268546784,0,646.6264897099868,12.247881784904495
128.0,8.50786E+11,コーヴァル ドライジン 500ml,3750,アルコール.ゆうき八百屋,5400,3,11250,0,0,3,16200,0.004690176223238492,1322.6776910899391,0.24494031316480355,0.28139899271227675,A,0,0.1842240711424461,0,690.8402667841729,12.247881784904495
14061.0,2020120703,アルル塩80g,830,たかはしよしこ,1230,13,10790,0,0,13,15990,0.004629377642566881,1305.5318691684029,1.0614080237141488,0.2860283703548437,A,0,0.7983043082839352,0,662.5925758756662,12.247881784904495
9352220000000.0,4.57008E+12,ジンジャースパイスクッキー 12枚,488,ココシュシュ,750,21,10248,0,0,21,15750,0.004559893550370756,1285.9366441152185,1.7145821921536246,0.2905882639052145,A,0,1.28956849799712,0,629.3094270225946,12.247881784904497
9352220000000.0,7.64016E+12,有機ベビースムージー ベリーパピー 100g,192,おもちゃ箱,320,49,9408,0,0,49,15680,0.004539627356813552,1280.221370141373,4.00069178169179,0.295127891262028,A,0,3.0089931619932813,0,577.72668710271,12.247881784904498
15430.0,5.42503E+12,有機グルテンフリー クッキー オーツ麦・レーズン,162,オアシス,270,58,9396,0,0,58,15660,0.004533837015797209,1278.5884347202746,4.735512721186202,0.2996617282778252,A,0,3.561665375420638,0,576.9897908181434,12.247881784904495
9352220000000.0,4.51899E+12,琉球レモンサワー 350ml,184,片山,290,53,9752,0,0,53,15370,0.004449877071060223,1254.9108711143435,4.32727886591153,0.3041116053488855,A,0,3.2546252568498915,0,598.85104726038,12.247881784904493
9352220000000.0,5.60113E+12,ガタオCAN ロゼ 250ml,288,木下インターナショナル,480,32,9216,0,0,32,15360,0.004446981900552051,1254.094403403794,2.6126966737579043,0.3085585872494375,A,0,1.9650567588527537,0,565.936346549593,12.247881784904497
12251.0,4.57146E+12,モンテプルチアーノ・ダブルッツォ 3000ml,3060,ディオニー,5100,3,9180,0,0,3,15300,0.0044296108775030195,1249.195597140498,0.24494031316480352,0.31298819812694056,A,0,0.1842240711424461,0,563.725657695885,12.247881784904497
9352220000000.0,99600202976,リップ&チークバーム 18g,1140,おもちゃ箱,1900,8,9120,0,0,8,15200,0.004400659172421301,1241.0309200350046,0.6531741684394761,0.31738885729936184,A,0,0.4912641897131884,0,560.0411762730348,12.247881784904497
12614.0,8.10981E+11,パタゴニア プロビジョンズ・ロング・ルート・ペールエール　355ml,496,パタゴニア,690,22,10912,0,0,22,15180,0.004394868831404957,1239.397984613906,1.7962289632085593,0.32178372613076683,A,0,1.3509765217112708,0,670.0843547687903,12.247881784904495
9352220000000.0,4.57142E+12,塩だけでつくる熟成ビーフジャーキー 12g,485,ニックジャーキー,750,20,9700,0,0,20,15000,0.004342755762257862,1224.7015658240175,1.63293542109869,0.3261264818930247,A,0,1.2281604742829693,0,595.65783002724,12.247881784904498
8596.0,4.99715E+12,純天然のアルカリイオン水 金城の華 500ml,91,オーサワジャパン常温,150,100,9100,0,0,100,15000,0.004342755762257862,1224.7015658240175,8.16467710549345,0.3304692376552825,A,0,6.140802371414864,0,558.8130157987526,12.247881784904498
9352220000000.0,4.57147E+12,やまもり ミニ 150ml,614,パタゴニア,820,18,11052,0,0,18,14760,0.0042732716700617365,1205.1063407708334,1.4696418789888213,0.3347425093253442,A,0,1.1053444268546784,0,678.6814780887726,12.247881784904495
9352220000000.0,4.59512E+12,有機オートミールのクッキー(カカオ) 100g,650,アンドミール,1030,14,9100,0,0,14,14420,0.004174835872783892,1177.3464386121557,1.1430547947690832,0.3389173451981281,A,0,0.8597123319980842,0,558.8130157987547,12.247881784904495
9352220000000.0,2512203,#Original Rouge (mix) 2024,3650,kiki wine club,4800,3,10950,0,0,3,14400,0.004169045531767548,1175.713503191057,0.24494031316480355,0.34308639072989566,A,0,0.1842240711424461,0,672.4178596699282,12.247881784904495
14718.0,9.00415E+12,20種類のお茶 20袋,1050,おもちゃ箱,1590,9,9450,0,0,9,14310,0.004142988997194,1168.3652937961128,0.7348209394944106,0.34722937972708967,A,0,0.5526722134273392,0,580.3058240987061,12.247881784904495
14405.0,9.00415E+12,カモミールティー 18袋,770,おもちゃ箱,1180,12,9240,0,0,12,14160,0.0040995614395714225,1156.1182781378727,0.9797612526592142,0.3513289411666611,A,0,0.7368962845697844,0,567.410139118734,12.247881784904495
9352220000000.0,4.59543E+12,Gather&Give 350ml,700,ひみつビール,1080,13,9100,0,0,13,14040,0.004064819393473359,1146.3206656112804,1.0614080237141486,0.35539376056013444,A,0,0.7983043082839334,0,558.8130157987533,12.247881784904497
15622.0,4.56024E+12,米粉のマクロビバターサンド(カフェモカ) 45g,273,チャヤマクロビ,390,36,9828,0,0,36,14040,0.004064819393473359,1146.3206656112804,2.939283757977642,0.35945857995360775,A,0,2.2106888537093425,0,603.5180570626505,12.247881784904497
9352220000000.0,4.59543E+12,らっこにひき 350ml,700,ひみつビール,1080,13,9100,0,0,13,14040,0.004064819393473359,1146.3206656112804,1.0614080237141486,0.3635233993470811,A,0,0.7983043082839334,0,558.8130157987533,12.247881784904497
9352220000000.0,4.57322E+12,人参のカリカリ 35g,245,良品工房,390,35,8575,0,0,35,13650,0.0039519077436546545,1114.478424899856,2.857636986922708,0.3674753070907358,A,0,2.149280829995206,0,526.5738033488254,12.247881784904497
1072.0,4.9622E+12,パリパリ焙煎いりこ プレーン 40g,442,やまくに,680,20,8840,0,0,20,13600,0.0039374318911137955,1110.3960863471093,1.6329354210986902,0.3714127389818496,A,0,1.2281604742829764,0,542.8469296330755,12.247881784904497
9352220000000.0,4.56018E+12,まぐろ角煮 150g,585,三崎恵水産,900,15,8775,0,0,15,13500,0.003908480186032076,1102.231409241616,1.2247015658240177,0.3753212191678817,A,0,0.9211203557122296,0,538.8554080916543,12.247881784904495
14373.0,4.94743E+12,フランクフルト 3本,680,ピュアファーム,960,14,9520,0,0,14,13440,0.003891109162983045,1097.3326029783198,1.143054794769083,0.3792123283308647,A,0,0.8597123319980788,0,584.6043857586936,12.247881784904497
9352220000000.0,4.94003E+12,黒豆茶 350ml,100,パーソナルコンタクト,160,84,8400,0,0,84,13440,0.003891109162983045,1097.3326029783198,6.8583287686144985,0.3831034374938478,A,0,5.15827399198848,0,515.8273991988481,12.247881784904497
9339710000000.0,4.56024E+12,米粉のマクロビバターサンド(ストロベリー) 45g,273,チャヤマクロビ,390,34,9282,0,0,34,13260,0.00383899609383595,1082.6361841884316,2.775990215867773,0.38694243358768377,A,0,2.087872806281055,0,569.9892761147281,12.247881784904497
9352220000000.0,9.12007E+12,sakura 750ml (発泡ロゼ),1980,ヌーヴェルセレクション,3300,4,7920,0,0,4,13200,0.003821625070786919,1077.7373779251354,0.32658708421973803,0.3907640586584707,A,0,0.2456320948565942,0,486.35154781605655,12.247881784904497
9352220000000.0,4.58944E+12,あんペースト(こしあん) 155g,890,虎玄,1200,11,9790,0,0,11,13200,0.003821625070786919,1077.7373779251354,0.8981144816042795,0.39458568372925756,A,0,0.6754882608556336,0,601.1845521615139,12.247881784904497
9352220000000.0,2024120212,ピスタチオ＆アールグレイ(ショートブレッド),475,go! MUFFINS go!,730,18,8550,0,0,18,13140,0.0038042540477378874,1072.8385716618395,1.4696418789888213,0.39838993777699544,A,0,1.1053444268546784,0,525.0386027559722,12.247881784904495
8489.0,4.97861E+12,国産有機さらつや美人番茶 500ml,112,ムソー常温,180,73,8176,0,0,73,13140,0.0038042540477378874,1072.8385716618395,5.96021428701022,0.4021941918247333,A,0,4.482785731132864,0,502.0720018868808,12.247881784904495
14837.0,8.10981E+11,ロングルート IPA 355ml,496,パタゴニア,690,19,9424,0,0,19,13110,0.003795568536213372,1070.3891685301915,1.5512886500437557,0.4059897603609467,A,0,1.166752450568822,0,578.7092154821357,12.247881784904495
9352220000000.0,4.56049E+12,マヨピー 90g,280,山本佐太郎商店,430,30,8400,0,0,30,12900,0.003734769955541762,1053.2433466086552,2.4494031316480354,0.4097245303164885,A,0,1.8422407114244592,0,515.8273991988485,12.247881784904495
9352220000000.0,4.97899E+12,Bocchiの柿の種ピーナッツ 60g,370,Bocchi,560,23,8510,0,0,23,12880,0.003728979614525418,1051.6104111875566,1.877875734263494,0.4134535099310139,A,0,1.4123845454254216,0,522.5822818074059,12.247881784904495
15972.0,4.59564E+12,cocono ココナッツヨーグルト 380g,650,cocono,990,13,8450,0,0,13,12870,0.003726084444017246,1050.7939434770071,1.0614080237141486,0.41717959437503116,A,0,0.7983043082839334,0,518.8978003845567,12.247881784904497
15621.0,4.56024E+12,米粉のマクロビバターサンド(メイプルラムレーズン) 50g,273,チャヤマクロビ,390,33,9009,0,0,33,12870,0.003726084444017246,1050.7939434770071,2.694343444812839,0.4209056788190484,A,0,2.0264647825669044,0,553.2248856407649,12.247881784904495
9352220000000.0,4.94514E+12,オーガニック ポタージュ トマト (1食分),150,コスモス食品,230,55,8250,0,0,55,12650,0.003662390692837464,1032.8316538449214,4.490572408021397,0.42456806951188586,A,0,3.3774413042781646,0,506.6161956417247,12.247881784904498
9352220000000.0,2510184,#Original Rouge (Pale) 2024,3200,kiki wine club,4200,3,9600,0,0,3,12600,0.0036479148402966044,1028.7493152921747,0.2449403131648035,0.4282159843521825,A,0,0.18422407114244566,0,589.517027655826,12.247881784904497
14448.0,3.7603E+12,キュヴェ・ギョタク 750ml,2520,ヌーヴェルセレクション,4200,3,7560,0,0,3,12600,0.0036479148402966044,1028.7493152921747,0.2449403131648035,0.4318638991924791,A,0,0.18422407114244566,0,464.24465927896307,12.247881784904497
148.0,4.56038E+12,山形代表 ら・ふらんす 160g,130,ケイウンオフィスサポート,190,66,8580,0,0,66,12540,0.003630543817247573,1023.8505090288787,5.388686889625678,0.4354944430097267,A,0,4.052929565133809,0,526.8808434673952,12.247881784904495
14679.0,4.56045E+12,WO！POPCORN！ 塩味 20g,371,大泉工場,570,22,8162,0,0,22,12540,0.003630543817247573,1023.8505090288787,1.796228963208559,0.43912498682697426,A,0,1.3509765217112673,0,501.21228955488016,12.247881784904497
9352220000000.0,4.94514E+12,オーガニック ポタージュ コーン (1食分),150,コスモス食品,230,54,8100,0,0,54,12420,0.00359580177114951,1014.0528965022867,4.408925636966464,0.44272078859812375,A,0,3.316033280564035,0,497.4049920846053,12.247881784904495
1180.0,4.97179E+12,プロポリスのど飴 40g,350,B.ゆうき八百屋,540,23,8050,0,0,23,12420,0.00359580177114951,1014.0528965022867,1.8778757342634937,0.44631659036927324,A,0,1.412384545425418,0,494.3345908988963,12.247881784904495
12986.0,4.58252E+12,ピーナッツバター 無糖 100g,1070,サンチャイ,1530,8,8560,0,0,8,12240,0.0035436887020024155,999.3564777123984,0.6531741684394761,0.4498602790712757,A,0,0.4912641897131884,0,525.6526829931116,12.247881784904497
11581.0,2018100601,go! MUFFINS go! チョコチップクッキー 1枚,265,go! MUFFINS go!,420,29,7685,0,0,29,12180,0.003526317678953384,994.4576714491023,2.3677563605931007,0.453386596750229,A,0,1.7808326877103084,0,471.92066224323173,12.247881784904497
11147.0,4.54419E+12,こしひかり越後ビール 350ml,238,片山,380,32,7616,0,0,32,12160,0.0035205273379370406,992.8247360280037,2.6126966737579047,0.4569071240881661,A,0,1.9650567588527608,0,467.68350860695705,12.247881784904493
9352220000000.0,4.57008E+12,3種の野菜ボーロ 12粒,253,ココシュシュ,390,31,7843,0,0,31,12090,0.0035002611443798372,987.1094620541583,2.53104990270297,0.46040738523254593,A,0,1.90364873513861,0,481.6231299900683,12.247881784904495
9352220000000.0,4.56049E+12,大地のかりんとう カカオ 70g,308,山本佐太郎商店,480,25,7700,0,0,25,12000,0.00347420460980629,979.7612526592142,2.041169276373363,0.4638815898423522,A,0,1.5352005928537196,0,472.84178259894566,12.247881784904495
9352220000000.0,4.9622E+12,干いか 40g,544,やまくに,840,14,7616,0,0,14,11760,0.0034047205176101643,960.1660276060298,1.1430547947690832,0.4672863103599624,A,0,0.8597123319980842,0,467.6835086069578,12.247881784904495
15623.0,4.56024E+12,米粉のマクロビバターサンド(黒ごま) 42g,273,チャヤマクロビ,390,30,8190,0,0,30,11700,0.0033873494945611325,955.2672213427337,2.4494031316480354,0.47067365985452353,A,0,1.8422407114244592,0,502.93171421887735,12.247881784904495
12423.0,4.57142E+12,DEER 鹿肉 20g,842,ニックジャーキー,1290,9,7578,0,0,9,11610,0.0033612929599875856,947.9190119477897,0.7348209394944106,0.47403495281451113,A,0,0.5526722134273392,0,465.3500037058196,12.247881784904495
9352220000000.0,4.56044E+12,有機チョコレート スティック カカオ100％ 48g,686,A.ゆうき八百屋,1050,11,7546,0,0,11,11550,0.0033439219369385542,943.0202056844936,0.8981144816042796,0.4773788747514497,A,0,0.6754882608556354,0,463.3849469469659,12.247881784904495
11152.0,4.58225E+12,有機カモミールティー 350ml,175,創健社常温,280,41,7175,0,0,41,11480,0.003323655743381351,937.3049317106482,3.347517613252315,0.480702530494831,A,0,2.5177289722801035,0,440.6025701490181,12.247881784904495
9352220000000.0,4.59532E+12,PEACE ソイミルク200g,245,シマダ電気設備,380,30,7350,0,0,30,11400,0.0033004943793159755,930.7731900262535,2.4494031316480354,0.48400302487414704,A,0,1.8422407114244592,0,451.3489742989925,12.247881784904495
9352220000000.0,4.57147E+12,繁土 2025 720ml,1705,パタゴニア,2280,5,8525,0,0,5,11400,0.0033004943793159755,930.7731900262535,0.4082338552746726,0.48730351925346305,A,0,0.3070401185707441,0,523.5034021631187,12.247881784904495
9352220000000.0,4.90405E+12,ほたるいか素干し(醤油干し) 35g,428,つりや,670,17,7276,0,0,17,11390,0.0032975992088078035,929.956722315704,1.3879951079338866,0.4906011184622708,A,0,1.0439364031405276,0,446.80478054414584,12.247881784904497
9352220000000.0,4.56024E+12,米粉のマクロビバターサンド(抹茶) 42g,273,チャヤマクロビ,390,29,7917,0,0,29,11310,0.003274437844742428,923.4249806313093,2.3677563605931007,0.4938755563070132,A,0,1.7808326877103084,0,486.1673237449142,12.247881784904497
9352220000000.0,4.51178E+12,焼きいもモンブラン,180,四万十ドラマ,290,39,7020,0,0,39,11310,0.003274437844742428,923.4249806313093,3.1842240711424457,0.4971499941517556,A,0,2.394912924851795,0,431.0843264733231,12.247881784904497
9352220000000.0,4.57152E+12,Into Whole Bar Orange 1個,270,日本べリエールアートセンター,450,25,6750,0,0,25,11250,0.003257066821693397,918.5261743680132,2.041169276373363,0.500407060973449,B,0,0.0,0,0.0,12.247881784904495
11587.0,4.52411E+12,オホーツクおこっぺ有機のむヨーグルト 180ml,224,ノースプレインファーム,350,32,7168,0,0,32,11200,0.0032425909691525374,914.4438358152665,2.6126966737579043,0.5036496519426016,B,0,0.0,0,0.0,12.247881784904497
13795.0,96044322,エクストラストロングユーカリプラス 15g,280,旅キッチン,430,26,7280,0,0,26,11180,0.0032368006281361934,912.8109003941678,2.122816047428297,0.5068864525707377,B,0,0.0,0,0.0,12.247881784904497
9352220000000.0,4.57356E+12,ドラゴンアイ サン(オーガニックゴールデンエール) 350ml,348,アルコール.ゆうき八百屋,530,21,7308,0,0,21,11130,0.003222324775595334,908.7285618414211,1.7145821921536246,0.5101087773463331,B,0,0.0,0,0.0,12.247881784904497
12988.0,4.58252E+12,ピーナッツバター 無糖 180g,1556,サンチャイ,2220,5,7780,0,0,5,11100,0.003213639264070818,906.279158709773,0.40823385527467254,0.5133224166104039,B,0,0.0,0,0.0,12.247881784904497
12987.0,4.58252E+12,ピーナッツバター ノーマル 180g,1556,サンチャイ,2220,5,7780,0,0,5,11100,0.003213639264070818,906.279158709773,0.40823385527467254,0.5165360558744747,B,0,0.0,0,0.0,12.247881784904497
12698.0,3.2892E+12,オーガニック オールドファッションレモネード 750ml,780,ミエプロジェクト,1230,9,7020,0,0,9,11070,0.0032049537525463026,903.8297555781251,0.7348209394944106,0.5197410096270211,B,0,0.0,0,0.0,12.247881784904495
9352220000000.0,2511297,ソイマヨ オリジナル 130g,1037,from the farm KYOTO,1380,8,8296,0,0,8,11040,0.0031962682410217867,901.380352446477,0.6531741684394761,0.5229372778680429,B,0,0.0,0,0.0,12.247881784904497
9352220000000.0,2511298,ソイマヨ ハーブ＆ガーリック 130g,1037,from the farm KYOTO,1380,8,8296,0,0,8,11040,0.0031962682410217867,901.380352446477,0.6531741684394761,0.5261335461090647,B,0,0.0,0,0.0,12.247881784904497
9339710000000.0,3.2892E+12,オーガニック フルーツミックスジュース 200ml,293,ミエプロジェクト,460,24,7032,0,0,24,11040,0.0031962682410217867,901.380352446477,1.9595225053184282,0.5293298143500865,B,0,0.0,0,0.0,12.247881784904497
8517.0,4.58012E+12,オーガニックルイボス茶ペット 500ml,105,B.ゆうき八百屋,190,58,6090,0,0,58,11020,0.0031904779000054427,899.7474170253782,4.735512721186201,0.532520292250092,B,0,0.0,0,0.0,12.247881784904497
9352220000000.0,96146354,ストロベリー パスティーユ 15g,280,旅キッチン,430,25,7000,0,0,25,10750,0.003112308296284801,877.702788840546,2.041169276373363,0.5356326005463767,B,0,0.0,0,0.0,12.247881784904495
266.0,47478619,よなよなエール 350ml,207,アルコール.ゆうき八百屋,280,38,7866,0,0,38,10640,0.0030804614206949104,868.7216440245032,3.1025773000875114,0.5387130619670717,B,0,0.0,0,0.0,12.247881784904495
14505.0,20210701,森の燻し ピスタチオ,777,ミノタケ,1180,9,6993,0,0,9,10620,0.0030746710796785664,867.0887086034045,0.7348209394944106,0.5417877330467503,B,0,0.0,0,0.0,12.247881784904495
12358.0,4.56018E+12,カジキのコンフィ 180g,640,三崎恵水産,880,12,7680,0,0,12,10560,0.003057300056629535,862.1899023401083,0.979761252659214,0.5448450331033798,B,0,0.0,0,0.0,12.247881784904497
8490.0,4.95866E+12,オーガニックあずき美人茶 500ml,140,ムソー常温,220,48,6720,0,0,48,10560,0.003057300056629535,862.1899023401083,3.919045010636856,0.5479023331600095,B,0,0.0,0,0.0,12.247881784904497
8991.0,4.53566E+12,インドの青鬼 350ml,226,アルコール.ゆうき八百屋,310,34,7684,0,0,34,10540,0.0030515097156131915,860.5569669190098,2.7759902158677736,0.5509538428756227,B,0,0.0,0,0.0,12.247881784904495
14135.0,4.57322E+12,ごぼうのカリカリ 35g,245,良品工房,390,27,6615,0,0,27,10530,0.0030486145451050196,859.7404992084604,2.204462818483232,0.5540024574207276,B,0,0.0,0,0.0,12.247881784904495
15431.0,5.42503E+12,有機グルテンフリー クッキー オーツ麦・チョコチップ,162,オアシス,270,39,6318,0,0,39,10530,0.0030486145451050196,859.7404992084604,3.184224071142446,0.5570510719658326,B,0,0.0,0,0.0,12.247881784904495
11943.0,4.96902E+12,日本の米育ち三元豚 ひとくちサラミ 50g,273,創健社冷蔵,420,25,6825,0,0,25,10500,0.0030399290335805036,857.2910960768123,2.041169276373363,0.5600910009994131,B,0,0.0,0,0.0,12.247881784904495
9352220000000.0,9.34415E+12,ワイルドフォーク ナチュラル シャルドネ 白 750ml,2392,アルコール.ゆうき八百屋,3480,3,7176,0,0,3,10440,0.0030225580105314722,852.3922898135163,0.24494031316480352,0.5631135590099445,B,0,0.0,0,0.0,12.247881784904497
9352220000000.0,4.59512E+12,有機オートミールのクッキー(カカオ) 50g,325,アンドミール,520,20,6500,0,0,20,10400,0.0030109773284987848,849.1264189713189,1.6329354210986902,0.5661245363384434,B,0,0.0,0,0.0,12.247881784904497
14134.0,4.57322E+12,玉ねぎのカリカリ 35g,245,良品工房,390,26,6370,0,0,26,10140,0.002935702895286315,827.8982584970358,2.122816047428297,0.5690602392337296,B,0,0.0,0,0.0,12.247881784904497
9339710000000.0,4.51857E+12,オーガニックチョコレート スパイス 37g,469,ムソー常温,720,14,6566,0,0,14,10080,0.0029183318722372834,822.9994522337398,1.143054794769083,0.571978571105967,B,0,0.0,0,0.0,12.247881784904497
11514.0,4.56045E+12,KAGUA Rouge 330ml,450,FAR YEAST BREWING,720,14,6300,0,0,14,10080,0.0029183318722372834,822.9994522337398,1.143054794769083,0.5748969029782043,B,0,0.0,0,0.0,12.247881784904497
9352220000000.0,4.57001E+12,マリールゥのパンケーキミックス 抹茶 300g,715,マリールゥ,1100,9,6435,0,0,9,9900,0.002866218803090189,808.3030334438516,0.7348209394944106,0.5777631217812944,B,0,0.0,0,0.0,12.247881784904495
9339710000000.0,3.2892E+12,オーガニックキッズカクテルジュース 200ml,293,ミエプロジェクト,450,22,6446,0,0,22,9900,0.002866218803090189,808.3030334438516,1.7962289632085593,0.5806293405843845,B,0,0.0,0,0.0,12.247881784904495
9352220000000.0,4.52013E+12,かぶら寿司 1枚入,1463,金沢大地,1980,5,7315,0,0,5,9900,0.002866218803090189,808.3030334438516,0.40823385527467254,0.5834955593874748,B,0,0.0,0,0.0,12.247881784904497
9352220000000.0,4.59564E+12,陽 200ml,1330,草譯,1980,5,6650,0,0,5,9900,0.002866218803090189,808.3030334438516,0.40823385527467254,0.5863617781905649,B,0,0.0,0,0.0,12.247881784904497
14789.0,4.97179E+12,はちみつしょうがのど飴 40g,280,B.ゆうき八百屋,440,22,6160,0,0,22,9680,0.002802525051910407,790.3407438117661,1.7962289632085593,0.5891643032424753,B,0,0.0,0,0.0,12.247881784904495
9352220000000.0,5.7E+12,トゥルーガム ミント 21g,312,旅キッチン,480,20,6240,0,0,20,9600,0.0027793636878450318,783.8090021273713,1.6329354210986902,0.5919436669303204,B,0,0.0,0,0.0,12.247881784904497
9352220000000.0,4.57322E+12,お芋のカリカリ 35g,245,良品工房,380,25,6125,0,0,25,9500,0.002750411982763313,775.6443250218779,2.041169276373363,0.5946940789130837,B,0,0.0,0,0.0,12.247881784904495
9352220000000.0,2023111401,BELUGA 350ml,770,ひみつビール,1180,8,6160,0,0,8,9440,0.0027330409597142815,770.7455187585819,0.6531741684394762,0.597427119872798,B,0,0.0,0,0.0,12.247881784904493
14170.0,4.51857E+12,オーガニックチョコレート ハイカカオ 37g,469,ムソー常温,720,13,6097,0,0,13,9360,0.002709879595648906,764.2137770741871,1.0614080237141488,0.6001369994684469,B,0,0.0,0,0.0,12.247881784904495
9352220000000.0,20240105001,シンツチダ・プリンセスサリー 180ml,1274,きょうの日本酒,1850,5,6370,0,0,5,9250,0.0026780327200590153,755.2326322581442,0.40823385527467254,0.6028150321885059,B,0,0.0,0,0.0,12.247881784904497
9352220000000.0,4.56049E+12,ツバメサブレ 100g,293,山本佐太郎商店,460,20,5860,0,0,20,9200,0.0026635568675181555,751.1502937053974,1.63293542109869,0.605478589056024,B,0,0.0,0,0.0,12.247881784904498
9352220000000.0,2025082201,いっしょにぷはぁ〜パッションジンジャー 350ml,595,ひみつジュース,920,10,5950,0,0,10,9200,0.0026635568675181555,751.1502937053974,0.816467710549345,0.6081421459235422,B,0,0.0,0,0.0,12.247881784904498
1093.0,4.56049E+12,3じのビスケット 140g,293,山本佐太郎商店,460,20,5860,0,0,20,9200,0.0026635568675181555,751.1502937053974,1.63293542109869,0.6108057027910604,B,0,0.0,0,0.0,12.247881784904498
9352220000000.0,4.56045E+12,KAGUA Saison 特別日本醸造 350ml,420,FAR YEAST BREWING,650,14,5880,0,0,14,9100,0.0026346051624364366,742.9856165999041,1.1430547947690832,0.6134403079534969,B,0,0.0,0,0.0,12.247881784904495
1479.0,4.90299E+12,屋久島縄文水 500ml,108,A.ゆうき八百屋,180,50,5400,0,0,50,9000,0.0026056534573547173,734.8209394944106,4.082338552746726,0.6160459614108516,B,0,0.0,0,0.0,12.247881784904495
9352220000000.0,4.59564E+12,モッツァレラチーズ 100g,481,須藤牧場,740,12,5772,0,0,12,8880,0.0025709114112566545,725.0233269678184,0.9797612526592141,0.6186168728221082,B,0,0.0,0,0.0,12.247881784904497
9352220000000.0,4.59543E+12,お伊勢ちゃん 350ml,630,ひみつビール,980,9,5670,0,0,9,8820,0.002553540388207623,720.1245207045224,0.7348209394944106,0.6211704132103159,B,0,0.0,0,0.0,12.247881784904495
13635.0,4.5715E+12,さけるモッツァレラ(クラタペッパー) 100g,838,渋谷CHEESE STAND,1090,8,6704,0,0,8,8720,0.002524588683125904,711.9598435990289,0.6531741684394761,0.6236950018934418,B,0,0.0,0,0.0,12.247881784904497
11647.0,4.53981E+12,梅ジュース 180ml,190,グリーンネットワーク,280,31,5890,0,0,31,8680,0.0025130080010932164,708.6939727568315,2.5310499027029696,0.626208009894535,B,0,0.0,0,0.0,12.247881784904497
9352220000000.0,4.5243E+12,フェアトレードチョコレート レーズン&カシューナッツ 50g,334,A.ゆうき八百屋,510,17,5678,0,0,17,8670,0.0025101128305850444,707.8775050462822,1.3879951079338866,0.6287181227251201,B,0,0.0,0,0.0,12.247881784904497
11513.0,4.56045E+12,KAGUA Blanc 330ml,450,FAR YEAST BREWING,720,12,5400,0,0,12,8640,0.002501427319060529,705.4281019146342,0.9797612526592142,0.6312195500441806,B,0,0.0,0,0.0,12.247881784904495
14020.0,4.51857E+12,オーガニックチョコレート ストロベリー 37g,469,ムソー常温,720,12,5628,0,0,12,8640,0.002501427319060529,705.4281019146342,0.9797612526592142,0.6337209773632412,B,0,0.0,0,0.0,12.247881784904495
1526.0,4.90217E+12,国産温州みかん100 125ml,136,ムソー常温,200,42,5712,0,0,42,8400,0.002431943226864403,685.8328768614499,3.4291643843072497,0.6361529205901055,B,0,0.0,0,0.0,12.247881784904495
9352220000000.0,20221208005,ミルクティーショートブレッド 1個,323,KANEL BREAD,490,17,5491,0,0,17,8330,0.0024116770333071995,680.1176028876044,1.3879951079338866,0.6385645976234127,B,0,0.0,0,0.0,12.247881784904497
9352220000000.0,4.57356E+12,ドラゴンアイ スカイ(オーガニックピルスナー) 350ml,322,アルコール.ゆうき八百屋,490,17,5474,0,0,17,8330,0.0024116770333071995,680.1176028876044,1.3879951079338866,0.6409762746567199,B,0,0.0,0,0.0,12.247881784904497
9352220000000.0,4.57356E+12,URESHI オーガニックティーへレス 350ml,390,アルコール.ゆうき八百屋,590,14,5460,0,0,14,8260,0.002391410839749996,674.402328913759,1.143054794769083,0.6433676854964699,B,0,0.0,0,0.0,12.247881784904497
11499.0,4.94122E+12,有機農法ビール(缶) 350ml,266,アルコール.ゆうき八百屋,390,21,5586,0,0,21,8190,0.002371144646192793,668.6870549399137,1.7145821921536248,0.6457388301426628,B,0,0.0,0,0.0,12.247881784904495
13793.0,96024102,イングリッシュペパーミント 15g,280,旅キッチン,430,19,5320,0,0,19,8170,0.002365354305176449,667.0541195188149,1.5512886500437555,0.6481041844478391,B,0,0.0,0,0.0,12.247881784904497
1525.0,4.56038E+12,山形代表 もも 160g,130,ケイウンオフィスサポート,190,43,5590,0,0,43,8170,0.002365354305176449,667.0541195188149,3.5108111553621835,0.6504695387530156,B,0,0.0,0,0.0,12.247881784904497
9352220000000.0,4.56049E+12,大地のかりんとう塩 80g,308,山本佐太郎商店,480,17,5236,0,0,17,8160,0.0023624591346682773,666.2376518082657,1.3879951079338868,0.6528319978876839,B,0,0.0,0,0.0,12.247881784904495
9352220000000.0,4.97432E+12,クラタペッパーと クリスマス島の塩おかき 120g,440,田地商店,680,12,5280,0,0,12,8160,0.0023624591346682773,666.2376518082657,0.9797612526592142,0.6551944570223522,B,0,0.0,0,0.0,12.247881784904495
14748.0,4.57001E+12,マリールゥのパンケーキミックス スペキュロス 300g,650,マリールゥ,1020,8,5200,0,0,8,8160,0.0023624591346682773,666.2376518082657,0.6531741684394762,0.6575569161570205,B,0,0.0,0,0.0,12.247881784904493
9352220000000.0,4.5624E+12,おとなの玄米ポリッポリ ガーリック 40g,240,禾,370,22,5280,0,0,22,8140,0.0023566687936519334,664.604716387167,1.7962289632085593,0.6599135849506724,B,0,0.0,0,0.0,12.247881784904495
7064.0,4.94122E+12,龍馬1865(ノンアルコールビール) 350ml,99,A.ゆうき八百屋,170,47,4653,0,0,47,7990,0.0023132412360293546,652.3577007289267,3.8373982395819217,0.6622268261867018,B,0,0.0,0,0.0,12.247881784904497
9352220000000.0,4.57128E+12,ドリップバッグ(丸山珈琲のブレンド)5個入,726,丸山珈琲,1140,7,5082,0,0,7,7980,0.0023103460655211827,651.5412330183774,0.5715273973845416,0.6645371722522231,B,0,0.0,0,0.0,12.247881784904495
15999.0,8.17335E+11,有機カフェエクスプレス 18g,266,アリサン,420,19,5054,0,0,19,7980,0.0023103460655211827,651.5412330183774,1.5512886500437557,0.6668475183177442,B,0,0.0,0,0.0,12.247881784904495
12026.0,4.58976E+12,KIMINO YUZU 250g,226,キミノドリンク,380,21,4746,0,0,21,7980,0.0023103460655211827,651.5412330183774,1.7145821921536248,0.6691578643832655,B,0,0.0,0,0.0,12.247881784904495
9352220000000.0,8.50786E+11,コーヴァル クランベリー ジンリキュール 500ml,2850,アルコール.ゆうき八百屋,3980,2,5700,0,0,2,7960,0.002304555724504839,649.9082975972788,0.16329354210986904,0.6714624201077704,B,0,0.0,0,0.0,12.247881784904493
9352220000000.0,8.01151E+12,オーガニック ビアンコ 白 500ml,560,アルコール.ゆうき八百屋,880,9,5040,0,0,9,7920,0.0022929750424721513,646.6424267550813,0.7348209394944105,0.6737553951502425,B,0,0.0,0,0.0,12.247881784904497
9016.0,4.56049E+12,ともだちビスケット 70g,163,山本佐太郎商店,270,29,4727,0,0,29,7830,0.0022669185078986044,639.2942173601373,2.367756360593101,0.6760223136581411,B,0,0.0,0,0.0,12.247881784904495
9352220000000.0,4.90102E+12,木桶仕込み醤油 ミックスナッツ 138g,460,田地商店,710,11,5060,0,0,11,7810,0.0022611281668822605,637.6612819390385,0.8981144816042796,0.6782834418250234,B,0,0.0,0,0.0,12.247881784904495
1527.0,4.90217E+12,国産ふじりんご100 125ml,121,ムソー常温,190,41,4961,0,0,41,7790,0.0022553378258659165,636.0283465179398,3.3475176132523146,0.6805387796508894,B,0,0.0,0,0.0,12.247881784904497
9352220000000.0,5.745E+12,トゥルーガム レモン 21g,312,旅キッチン,480,16,4992,0,0,16,7680,0.0022234909502760257,627.047201701897,1.3063483368789521,0.6827622706011653,B,0,0.0,0,0.0,12.247881784904497
9352220000000.0,7.64016E+12,有機ベビースムージー パワーパロット 100g,192,おもちゃ箱,320,24,4608,0,0,24,7680,0.0022234909502760257,627.047201701897,1.9595225053184282,0.6849857615514414,B,0,0.0,0,0.0,12.247881784904497
12862.0,4.96902E+12,日本の米育ち三元豚 極み生ハム 55g,394,創健社冷蔵,590,13,5122,0,0,13,7670,0.0022205957797678537,626.2307339913477,1.0614080237141488,0.6872063573312093,B,0,0.0,0,0.0,12.247881784904495
8174.0,4.58996E+12,グラノーラ オリジナル 200g,540,マイベストグラノーラ,850,9,4860,0,0,9,7650,0.0022148054387515098,624.597798570249,0.7348209394944105,0.6894211627699608,B,0,0.0,0,0.0,12.247881784904497
8004.0,84114009968,ポテトチップ シーソルト＆ビネガー 141g,552,ミエプロジェクト,850,9,4968,0,0,9,7650,0.0022148054387515098,624.597798570249,0.7348209394944105,0.6916359682087124,B,0,0.0,0,0.0,12.247881784904497
14181.0,9.12007E+12,orange moon 750ml (オレンジ),2280,ヌーヴェルセレクション,3800,2,4560,0,0,2,7600,0.0022003295862106503,620.5154600175023,0.16329354210986902,0.6938362977949231,B,0,0.0,0,0.0,12.247881784904497
13233.0,4.58976E+12,KIMINO RINGO 250ml,226,キミノドリンク,380,20,4520,0,0,20,7600,0.0022003295862106503,620.5154600175023,1.6329354210986902,0.6960366273811338,B,0,0.0,0,0.0,12.247881784904497
9352220000000.0,4.59543E+12,桃太郎ホワイト 350ml,0,ひみつビール,1080,7,0,0,0,7,7560,0.0021887489041779624,617.2495891753049,0.5715273973845416,0.6982253762853118,B,0,0.0,0,0.0,12.247881784904495
9352220000000.0,4.59543E+12,ネルソンブロンド 350ml,700,ひみつビール,1080,7,4900,0,0,7,7560,0.0021887489041779624,617.2495891753049,0.5715273973845416,0.7004141251894898,B,0,0.0,0,0.0,12.247881784904495
11209.0,4.58225E+12,有機ミントティー 350ml,175,創健社常温,280,27,4725,0,0,27,7560,0.0021887489041779624,617.2495891753049,2.204462818483232,0.7026028740936677,B,0,0.0,0,0.0,12.247881784904495
13406.0,4.52411E+12,おこっぺ季節の有機セミハードチーズ 80g,490,ノースプレインファーム,750,10,4900,0,0,10,7500,0.002171377881128931,612.3507829120088,0.816467710549345,0.7047742519747967,B,0,0.0,0,0.0,12.247881784904498
9352220000000.0,4.9622E+12,サクサクいりこまめ 40g,442,やまくに,680,11,4862,0,0,11,7480,0.0021655875401125875,610.7178474909102,0.8981144816042798,0.7069398395149092,B,0,0.0,0,0.0,12.247881784904493
1074.0,4.9622E+12,パリパリ焙煎いりこ 山椒 30g,442,やまくに,680,11,4862,0,0,11,7480,0.0021655875401125875,610.7178474909102,0.8981144816042798,0.7091054270550219,B,0,0.0,0,0.0,12.247881784904493
13327.0,4.58257E+12,マヌカハニースティック スタンダード 6本,520,POT Trading,830,9,4680,0,0,9,7470,0.0021626923696044156,609.9013797803608,0.7348209394944106,0.7112681194246262,B,0,0.0,0,0.0,12.247881784904495
9352220000000.0,20240722054,魯肉飯の餡 200g,814,かかん,1240,6,4884,0,0,6,7440,0.0021540068580798996,607.4519766487127,0.48988062632960705,0.7134221262827062,B,0,0.0,0,0.0,12.247881784904497
9352220000000.0,4.56023E+12,チョコレートケーキ 1個,604,かすたねっと,930,8,4832,0,0,8,7440,0.0021540068580798996,607.4519766487127,0.6531741684394761,0.715576133140786,B,0,0.0,0,0.0,12.247881784904497
14059.0,2020120701,エジプト塩瓶 70g,830,たかはしよしこ,1230,6,4980,0,0,6,7380,0.0021366358350308682,602.5531703854167,0.4898806263296071,0.7177127689758169,B,0,0.0,0,0.0,12.247881784904495
9352220000000.0,4.93442E+12,常陸野ハイボール 355ml,300,アルコール.ゆうき八百屋,460,16,4800,0,0,16,7360,0.0021308454940145243,600.920234964318,1.3063483368789521,0.7198436144698314,B,0,0.0,0,0.0,12.247881784904497
14638.0,42282334,有機マテ茶 330ml,315,アリサン,490,15,4725,0,0,15,7350,0.0021279503235063528,600.1037672537688,1.224701565824018,0.7219715647933378,B,0,0.0,0,0.0,12.247881784904493
13794.0,96031957,シチリアレモン 15g,280,旅キッチン,430,17,4760,0,0,17,7310,0.002116369641473665,596.8378964115713,1.3879951079338866,0.7240879344348115,B,0,0.0,0,0.0,12.247881784904497
6298.0,4.95833E+12,オーガニックカフェインレスコーヒー(ドリップタイプ) 10g×5袋,700,ムソー常温,1040,7,4900,0,0,7,7280,0.0021076841299491494,594.3884932799233,0.5715273973845416,0.7261956185647607,B,0,0.0,0,0.0,12.247881784904495
11941.0,2018021401,カカオニブ(ショートブレッド),462,go! MUFFINS go!,720,10,4620,0,0,10,7200,0.002084522765883774,587.8567515955285,0.8164677105493452,0.7282801413306444,B,0,0.0,0,0.0,12.247881784904495
8690.0,1842003,コーヒー(ショートブレッド),462,go! MUFFINS go!,720,10,4620,0,0,10,7200,0.002084522765883774,587.8567515955285,0.8164677105493452,0.7303646640965282,B,0,0.0,0,0.0,12.247881784904495
9352220000000.0,2024112007,Amitie レモンとオレンジのマーマレード 80g,725,Romi-Unie,1020,7,5075,0,0,7,7140,0.0020671517428347426,582.9579453322325,0.5715273973845416,0.7324318158393629,B,0,0.0,0,0.0,12.247881784904495
7878.0,4.58035E+12,ハニードロップレットUMF10+ マヌカ 23g(6粒),750,オーサワジャパン常温,1180,6,4500,0,0,6,7080,0.0020497807197857112,578.0591390689364,0.4898806263296071,0.7344815965591487,B,0,0.0,0,0.0,12.247881784904495
9352220000000.0,7.64016E+12,有機ベビースムージー ブルーバード 100g,192,おもちゃ箱,320,22,4224,0,0,22,7040,0.0020382000377530234,574.793268226739,1.7962289632085593,0.7365197965969016,B,0,0.0,0,0.0,12.247881784904495
11935.0,4.56018E+12,まぐろコンフィ 200g,640,三崎恵水産,880,8,5120,0,0,8,7040,0.0020382000377530234,574.793268226739,0.6531741684394761,0.7385579966346546,B,0,0.0,0,0.0,12.247881784904497
9352220000000.0,4.57142E+12,BOAR 奥八女猪 20g,910,ニックジャーキー,1400,5,4550,0,0,5,7000,0.002026619355720336,571.5273973845416,0.40823385527467254,0.740584615990375,B,0,0.0,0,0.0,12.247881784904497
9352220000000.0,4.57146E+12,ブリュット ナチュール セレクショネ パー マルク・テンペ 750ml,2100,ディオニー,3500,2,4200,0,0,2,7000,0.002026619355720336,571.5273973845416,0.16329354210986902,0.7426112353460953,B,0,0.0,0,0.0,12.247881784904497
12515.0,misaki002,まぐろのコンフィ トマト 85g,375,三崎恵水産,500,14,5250,0,0,14,7000,0.002026619355720336,571.5273973845416,1.1430547947690832,0.7446378547018156,B,0,0.0,0,0.0,12.247881784904495
15912.0,4.54286E+12,シチリア産塩漬けケッパー100g,910,B.ゆうき八百屋,1400,5,4550,0,0,5,7000,0.002026619355720336,571.5273973845416,0.40823385527467254,0.746664474057536,B,0,0.0,0,0.0,12.247881784904497
9352220000000.0,9.34415E+12,ワイルドフォーク シラーズ 750ml,2392,アルコール.ゆうき八百屋,3480,2,4784,0,0,2,6960,0.002015038673687648,568.2615265423442,0.16329354210986902,0.7486795127312237,B,0,0.0,0,0.0,12.247881784904497
9352220000000.0,4.57155E+12,UPBEET!ドーナツ バレンタイン生チョコハート 1個,339,UPBEET!,520,13,4407,0,0,13,6760,0.00195713526352421,551.9321723313573,1.0614080237141486,0.7506366479947478,C,0,0.0,0,0.0,12.247881784904497
9352220000000.0,4.93886E+12,チーズおかき 9枚,371,B.ゆうき八百屋,560,12,4452,0,0,12,6720,0.0019455545814915224,548.6663014891599,0.9797612526592141,0.7525822025762394,C,0,0.0,0,0.0,12.247881784904497
14317.0,4.5895E+12,シルクスイート ひとくち 100g,350,クロサワファーム,560,12,4200,0,0,12,6720,0.0019455545814915224,548.6663014891599,0.9797612526592141,0.7545277571577309,C,0,0.0,0,0.0,12.247881784904497
9339710000000.0,4.5243E+12,フェアトレードチョコレート オーガニックビター 50g,334,A.ゆうき八百屋,510,13,4342,0,0,13,6630,0.001919498046917975,541.3180920942158,1.0614080237141486,0.7564472552046488,C,0,0.0,0,0.0,12.247881784904497
9352220000000.0,20221208008,ダブルチョコブラウニー 1個,332,KANEL BREAD,510,13,4316,0,0,13,6630,0.001919498046917975,541.3180920942158,1.0614080237141486,0.7583667532515669,C,0,0.0,0,0.0,12.247881784904497
9352220000000.0,4.59543E+12,アデリーヴァイツェン 350ml,700,ひみつビール,1080,6,4200,0,0,6,6480,0.0018760704892953966,529.0710764359757,0.4898806263296071,0.7602428237408622,C,0,0.0,0,0.0,12.247881784904495
9352220000000.0,4.59543E+12,ぎゅぎゅっとオレンジIPA 350ml,700,ひみつビール,1080,6,4200,0,0,6,6480,0.0018760704892953966,529.0710764359757,0.4898806263296071,0.7621188942301576,C,0,0.0,0,0.0,12.247881784904495
12803.0,4.97103E+12,みちのく 黒胡麻せんべい 120g,283,B.ゆうき八百屋,430,15,4245,0,0,15,6450,0.001867384977770881,526.6216733043276,1.2247015658240177,0.7639862792079285,C,0,0.0,0,0.0,12.247881784904495
11584.0,4.52411E+12,オホーツクおこっぺ有機牛乳 180ml,210,ノースプレインファーム,320,20,4200,0,0,20,6400,0.0018529091252300213,522.5393347515809,1.6329354210986904,0.7658391883331584,C,0,0.0,0,0.0,12.247881784904495
12434.0,222222,KAGUAギフトBOX,200,FAR YEAST BREWING,200,32,6400,0,0,32,6400,0.0018529091252300213,522.5393347515809,2.6126966737579043,0.7676920974583885,C,0,0.0,0,0.0,12.247881784904497
9352220000000.0,4.96381E+12,ときめく糀(有機甘酒) 125ml,189,A.ゆうき八百屋,290,22,4158,0,0,22,6380,0.0018471187842136775,520.9063993304821,1.796228963208559,0.7695392162426021,C,0,0.0,0,0.0,12.247881784904497
9352220000000.0,4.97899E+12,からつきゆで落花生 120g,585,Bocchi,900,7,4095,0,0,7,6300,0.0018239574201483022,514.3746576460874,0.5715273973845415,0.7713631736627504,C,0,0.0,0,0.0,12.247881784904497
15998.0,8.17335E+11,有機ジンジャーミント 18g,266,アリサン,420,15,3990,0,0,15,6300,0.0018239574201483022,514.3746576460874,1.2247015658240175,0.7731871310828987,C,0,0.0,0,0.0,12.247881784904498
15977.0,4.56045E+12,KOMBUCHA ORIGINALボトル 300ml,395,大泉工場,630,10,3950,0,0,10,6300,0.0018239574201483022,514.3746576460874,0.8164677105493451,0.775011088503047,C,0,0.0,0,0.0,12.247881784904497
9352220000000.0,4.5624E+12,グルテンフリークラッカー ゆずこしょう,240,禾,370,17,4080,0,0,17,6290,0.0018210622496401302,513.558189935538,1.3879951079338866,0.7768321507526872,C,0,0.0,0,0.0,12.247881784904497
9352220000000.0,4.90174E+12,有機緑茶 500ml,112,創健社常温,190,33,3696,0,0,33,6270,0.0018152719086237865,511.92525451443936,2.694343444812839,0.7786474226613109,C,0,0.0,0,0.0,12.247881784904495
11723.0,4.97957E+12,生玄米甘酒一日一糀 乳酸菌入 140ml,210,ムソー常温,330,19,3990,0,0,19,6270,0.0018152719086237865,511.92525451443936,1.5512886500437557,0.7804626945699348,C,0,0.0,0,0.0,12.247881784904495
9352220000000.0,4.56234E+12,純国産北海道きなこねじり 100g,248,ムソー常温,390,16,3968,0,0,16,6240,0.0018065863970992708,509.47585138279135,1.3063483368789521,0.7822692809670341,C,0,0.0,0,0.0,12.247881784904497
9352220000000.0,5.60113E+12,ガタオCAN 250ml,288,木下インターナショナル,480,13,3744,0,0,13,6240,0.0018065863970992708,509.47585138279135,1.0614080237141486,0.7840758673641334,C,0,0.0,0,0.0,12.247881784904497
15715.0,2022031805,アンベッサ・トレックミックスmini pack,315,アンベッサアンドコー,480,13,4095,0,0,13,6240,0.0018065863970992708,509.47585138279135,1.0614080237141486,0.7858824537612327,C,0,0.0,0,0.0,12.247881784904497
9352220000000.0,4.97899E+12,Bocchiのバターピーナッツ 75g,400,Bocchi,620,10,4000,0,0,10,6200,0.0017950057150665831,506.20998054059396,0.8164677105493451,0.7876774594762992,C,0,0.0,0,0.0,12.247881784904497
9352220000000.0,4.93442E+12,常陸野ネスト ノン・エール(ノンアルコール) 350ml,225,アルコール.ゆうき八百屋,320,19,4275,0,0,19,6080,0.0017602636689685203,496.41236801400186,1.5512886500437557,0.7894377231452677,C,0,0.0,0,0.0,12.247881784904495
11976.0,4.56038E+12,山形代表 とまと 160g,130,ケイウンオフィスサポート,190,32,4160,0,0,32,6080,0.0017602636689685203,496.41236801400186,2.6126966737579047,0.7911979868142361,C,0,0.0,0,0.0,12.247881784904493
9352220000000.0,9.00415E+12,スパイスチャイ 1.8gx18袋,720,おもちゃ箱,1200,5,3600,0,0,5,6000,0.001737102304903145,489.8806263296071,0.40823385527467254,0.7929350891191392,C,0,0.0,0,0.0,12.247881784904497
9352220000000.0,4.90837E+12,足柄茶ほうじ茶 465g,125,創健社常温,200,30,3750,0,0,30,6000,0.001737102304903145,489.8806263296071,2.4494031316480354,0.7946721914240423,C,0,0.0,0,0.0,12.247881784904495
9352220000000.0,4.54079E+12,有機ニンシアゴジベリー(クコピューレ飲料) 43.6ml,272,オーサワジャパン常温,400,15,4080,0,0,15,6000,0.001737102304903145,489.8806263296071,1.2247015658240177,0.7964092937289455,C,0,0.0,0,0.0,12.247881784904495
9339710000000.0,4.04489E+12,オーガニックダークチョコオレンジ 100g,552,ニコウトレーディング,850,7,3864,0,0,7,5950,0.0017226264523622853,485.7982877768603,0.5715273973845415,0.7981319201813077,C,0,0.0,0,0.0,12.247881784904497
9352220000000.0,4.58069E+12,プラントベースプロテインバー バナナチョコチップ 1個,228,Wholesum Japan,350,17,3876,0,0,17,5950,0.0017226264523622853,485.7982877768603,1.3879951079338866,0.7998545466336701,C,0,0.0,0,0.0,12.247881784904497
9352220000000.0,4.52864E+12,黒胡麻きなこまる 60g,350,創健社常温,540,11,3850,0,0,11,5940,0.0017197312818541136,484.981820066311,0.8981144816042796,0.8015742779155242,C,0,0.0,0,0.0,12.247881784904495
14212.0,4.97986E+12,おこげ煎餅 80g,350,山香煎餅本舗,540,11,3850,0,0,11,5940,0.0017197312818541136,484.981820066311,0.8981144816042796,0.8032940091973783,C,0,0.0,0,0.0,12.247881784904495
9352220000000.0,4.5243E+12,フェアトレードチョコレートオーガニック  オレンジ＆レモンフィリング 85g,630,A.ゆうき八百屋,970,6,3780,0,0,6,5820,0.0016849892357560506,475.18420753971884,0.48988062632960705,0.8049789984331343,C,0,0.0,0,0.0,12.247881784904497
9352220000000.0,4.56234E+12,オーガニックナッツ＆フルーツ 75g,375,ムソー常温,580,10,3750,0,0,10,5800,0.0016791988947397068,473.55127211862015,0.8164677105493451,0.8066581973278739,C,0,0.0,0,0.0,12.247881784904497
9352220000000.0,4.58995E+12,寝かせ玄米ごはんパック 十五穀ブレンド 160g,220,結わえる,339,17,3740,0,0,17,5763,0.0016684867638594707,470.5303415895876,1.3879951079338866,0.8083266840917335,C,0,0.0,0,0.0,12.247881784904497
15799.0,2022041102,ぺルビアン・ゴールデンインカベリーmini pack,315,アンベッサアンドコー,480,12,3780,0,0,12,5760,0.0016676182127070192,470.28540127642276,0.9797612526592141,0.8099943023044405,C,0,0.0,0,0.0,12.247881784904497
9352220000000.0,4.94122E+12,龍馬 POWER SODA 500ml,104,B.ゆうき八百屋,160,36,3744,0,0,36,5760,0.0016676182127070192,470.28540127642276,2.939283757977642,0.8116619205171475,C,0,0.0,0,0.0,12.247881784904497
9352220000000.0,20221208004,ピーカンナッツバー 1個,340,KANEL BREAD,520,11,3740,0,0,11,5720,0.0016560375306743315,467.0195304342254,0.8981144816042795,0.8133179580478218,C,0,0.0,0,0.0,12.247881784904497
9352220000000.0,4.56045E+12,KOMBUCHA HOP BREEZEボトル 300ml,395,大泉工場,630,9,3555,0,0,9,5670,0.001641561678133472,462.93719188147867,0.7348209394944106,0.8149595197259553,C,0,0.0,0,0.0,12.247881784904495
9339710000000.0,4.5243E+12,フェアトレードチョコレート オーガニック抹茶ホワイトキヌアパフ 50g,334,A.ゆうき八百屋,510,11,3674,0,0,11,5610,0.0016241906550844407,458.03838561818264,0.8981144816042796,0.8165837103810397,C,0,0.0,0,0.0,12.247881784904495
9339710000000.0,8.00789E+12,センチュリーオーガニックコーラ 355ml,367,B.ゆうき八百屋,560,10,3670,0,0,10,5600,0.0016212954845762687,457.22191790763327,0.8164677105493451,0.818205005865616,C,0,0.0,0,0.0,12.247881784904497
9352220000000.0,4.59543E+12,いっしょにぷはぁ～ピーチジンジャー 350ml,595,ひみつビール,920,6,3570,0,0,6,5520,0.0015981341205108933,450.6901762232385,0.48988062632960705,0.8198031399861269,C,0,0.0,0,0.0,12.247881784904497
9352220000000.0,4.59543E+12,アカチンアナゴールド 350ml,700,ひみつビール,1080,5,3500,0,0,5,5400,0.0015633920744128305,440.8925636966464,0.4082338552746726,0.8213665320605397,C,0,0.0,0,0.0,12.247881784904495
9352220000000.0,4.52864E+12,レザーウッドハニー + ハーブキャンディ ゆず味 51g,350,創健社常温,540,10,3500,0,0,10,5400,0.0015633920744128305,440.8925636966464,0.8164677105493452,0.8229299241349526,C,0,0.0,0,0.0,12.247881784904495
9352220000000.0,4.57346E+12,SINプロジェクト シン チャレッロ 750ml,1620,ディオニー,2700,2,3240,0,0,2,5400,0.0015633920744128305,440.8925636966464,0.16329354210986904,0.8244933162093655,C,0,0.0,0,0.0,12.247881784904493
9352220000000.0,20231130001,GIFT COFFEE BAG ブレンド (5個/set),1176,OVERVIEW COFFEE,1780,3,3528,0,0,3,5340,0.001546021051363799,435.99375743335025,0.24494031316480352,0.8260393372607292,C,0,0.0,0,0.0,12.247881784904497
11150.0,4.90812E+12,小林牧場物語カリっとゴーダ 35g,594,創健社常温,890,6,3564,0,0,6,5340,0.001546021051363799,435.99375743335025,0.48988062632960705,0.827585358312093,C,0,0.0,0,0.0,12.247881784904497
8232.0,4.90286E+12,南仏アジャンのオーガニックプルーン 200g,595,A.ゆうき八百屋,890,6,3570,0,0,6,5340,0.001546021051363799,435.99375743335025,0.48988062632960705,0.8291313793634568,C,0,0.0,0,0.0,12.247881784904497
9352220000000.0,4.5715E+12,さけるモッツァレラ(プレーン) 100g,664,渋谷CHEESE STAND,880,6,3984,0,0,6,5280,0.0015286500283147675,431.0949511700542,0.489880626329607,0.8306600293917716,C,0,0.0,0,0.0,12.247881784904497
9352220000000.0,4.53851E+12,木頭プティショコラ 30g,273,B.ゆうき八百屋,400,13,3549,0,0,13,5200,0.0015054886642493924,424.56320948565946,1.0614080237141486,0.832165518056021,C,0,0.0,0,0.0,12.247881784904497
14300.0,2021031801,Bright Moments 350ml,405,ヨロッコビール,650,8,3240,0,0,8,5200,0.0015054886642493924,424.56320948565946,0.6531741684394761,0.8336710067202705,C,0,0.0,0,0.0,12.247881784904497
1182.0,4.97373E+12,りんごガム 10個,135,ムソー常温,200,26,3510,0,0,26,5200,0.0015054886642493924,424.56320948565946,2.122816047428297,0.8351764953845199,C,0,0.0,0,0.0,12.247881784904497
9352220000000.0,4.5624E+12,おとなの玄米ポリッポリ ゴマ塩 40g,240,禾,370,14,3360,0,0,14,5180,0.0014996983232330484,422.93027406456076,1.1430547947690832,0.8366761937077529,C,0,0.0,0,0.0,12.247881784904495
9352220000000.0,4.58241E+12,Organic Brownie Crisps 30g,224,ブラウンシュガーファースト,340,15,3360,0,0,15,5100,0.0014765369591676733,416.39853238016605,1.2247015658240177,0.8381527306669206,C,0,0.0,0,0.0,12.247881784904495
8005.0,84114107077,ポテトチップ ソルト&ペッパー 141g,552,ミエプロジェクト,850,6,3312,0,0,6,5100,0.0014765369591676733,416.39853238016605,0.4898806263296071,0.8396292676260884,C,0,0.0,0,0.0,12.247881784904495
8677.0,84114030702,ポテトチップ ハニーディジョン 141g,552,ミエプロジェクト,850,6,3312,0,0,6,5100,0.0014765369591676733,416.39853238016605,0.4898806263296071,0.8411058045852561,C,0,0.0,0,0.0,12.247881784904495
9339710000000.0,4.5243E+12,フェアトレードチョコレート オーガニックミルク 50g,334,A.ゆうき八百屋,510,10,3340,0,0,10,5100,0.0014765369591676733,416.39853238016605,0.8164677105493452,0.8425823415444238,C,0,0.0,0,0.0,12.247881784904495
9352220000000.0,4.97219E+12,木桶醤油と本みりん発酵糖のおかき 100g,290,田地商店,460,11,3190,0,0,11,5060,0.0014649562771349856,413.13266153796866,0.8981144816042796,0.8440472978215587,C,0,0.0,0,0.0,12.247881784904495
6429.0,11111122222,go! MUFFINS go! マフィン,308,go! MUFFINS go!,460,11,3388,0,0,11,5060,0.0014649562771349856,413.13266153796866,0.8981144816042796,0.8455122540986937,C,0,0.0,0,0.0,12.247881784904495
9352220000000.0,4.93886E+12,あんこおかき 9枚,371,B.ゆうき八百屋,560,9,3339,0,0,9,5040,0.0014591659361186417,411.4997261168699,0.7348209394944105,0.8469714200348123,C,0,0.0,0,0.0,12.247881784904497
9352220000000.0,4.58996E+12,木桶仕込み醤油ミックスナッツ 20gx10,1090,田地商店,1680,3,3270,0,0,3,5040,0.0014591659361186417,411.4997261168699,0.24494031316480352,0.8484305859709309,C,0,0.0,0,0.0,12.247881784904497
9352220000000.0,4.95738E+12,有機JAS 生姜百景 -GINGER SHOT- 10本入,3500,後藤製菓,5000,1,3500,0,0,1,5000,0.001447585254085954,408.2338552746725,0.08164677105493451,0.849878171225017,C,0,0.0,0,0.0,12.247881784904497
9352220000000.0,4.57152E+12,Into Whole Bar Matcha 1個,270,日本べリエールアートセンター,450,11,2970,0,0,11,4950,0.0014331094015450946,404.1515167219258,0.8981144816042796,0.851311280626562,C,0,0.0,0,0.0,12.247881784904495
9339710000000.0,4.5243E+12,フェアトレードチョコレート オーガニックラムフィリング 85g,630,A.ゆうき八百屋,970,5,3150,0,0,5,4850,0.0014041576964633755,395.9868396164324,0.4082338552746726,0.8527154383230254,C,0,0.0,0,0.0,12.247881784904495
9339710000000.0,4.5243E+12,フェアトレードチョコレート オーガニックストロベリーフィリング 85g,630,A.ゆうき八百屋,970,5,3150,0,0,5,4850,0.0014041576964633755,395.9868396164324,0.4082338552746726,0.8541195960194888,C,0,0.0,0,0.0,12.247881784904495
9352220000000.0,4.5624E+12,おとなの玄米ポリッポリ 黒コショウ 40g,240,禾,370,13,3120,0,0,13,4810,0.0013925770144306879,392.72096877423496,1.0614080237141486,0.8555121730339195,C,0,0.0,0,0.0,12.247881784904497
9352220000000.0,4.58241E+12,Organic Coconut Crisps30g,203,ブラウンシュガーファースト,320,15,3045,0,0,15,4800,0.0013896818439225159,391.90450106368564,1.2247015658240177,0.8569018548778421,C,0,0.0,0,0.0,12.247881784904495
9352220000000.0,4.52864E+12,百年はちみつ 液体のど飴スプレー グレープ 25ml,975,創健社常温,1600,3,2925,0,0,3,4800,0.0013896818439225159,391.90450106368564,0.24494031316480352,0.8582915367217646,C,0,0.0,0,0.0,12.247881784904497
9352220000000.0,4.97086E+12,オーガニック バナナチップ(砂糖不使用) 40g,343,A.ゆうき八百屋,530,9,3087,0,0,9,4770,0.0013809963323980002,389.4550979320376,0.7348209394944105,0.8596725330541626,C,0,0.0,0,0.0,12.247881784904497
9352220000000.0,20240105003,三毳山 180ml,1085,きょうの日本酒,1590,3,3255,0,0,3,4770,0.0013809963323980002,389.4550979320376,0.2449403131648035,0.8610535293865607,C,0,0.0,0,0.0,12.247881784904497
9339710000000.0,4.94003E+12,ルイボスティー 350ml,86,パーソナルコンタクト,140,34,2924,0,0,34,4760,0.0013781011618898284,388.6386302214883,2.7759902158677736,0.8624316305484505,C,0,0.0,0,0.0,12.247881784904495
1471.0,4.58012E+12,オーガニックルイボスティー ライト 350ml,94,A.ゆうき八百屋,170,28,2632,0,0,28,4760,0.0013781011618898284,388.6386302214883,2.2861095895381665,0.8638097317103403,C,0,0.0,0,0.0,12.247881784904495
5586.0,4.94883E+12,カシューナッツカレー味 60g,385,A.ゆうき八百屋,590,8,3080,0,0,8,4720,0.0013665204798571408,385.3727593792909,0.6531741684394762,0.8651762521901974,C,0,0.0,0,0.0,12.247881784904493
9352220000000.0,2024100701,HASSAKU SHOT 720ml,1530,comorebi farm,2350,2,3060,0,0,2,4700,0.0013607301388407968,383.7398239581922,0.16329354210986902,0.8665369823290383,C,0,0.0,0,0.0,12.247881784904497
14136.0,4.57322E+12,ほうれん草のカリカリ 35g,245,良品工房,390,12,2940,0,0,12,4680,0.001354939797824453,382.10688853709354,0.9797612526592142,0.8678919221268627,C,0,0.0,0,0.0,12.247881784904495
12202.0,CMK001,あくまのクッキー 1個,210,オーボンソレイユ,330,14,2940,0,0,14,4620,0.0013375687747754217,377.20808227379746,1.1430547947690832,0.8692294909016381,C,0,0.0,0,0.0,12.247881784904495
9352220000000.0,4.57155E+12,干し芋バー アップルシナモン 1本,277,UPBEET!,420,11,3047,0,0,11,4620,0.0013375687747754217,377.20808227379746,0.8981144816042796,0.8705670596764136,C,0,0.0,0,0.0,12.247881784904495
9352220000000.0,4.59512E+12,有機オートミールのクッキー(ココナッツ) 50g,293,アンドミール,460,10,2930,0,0,10,4600,0.0013317784337590777,375.5751468526987,0.816467710549345,0.8718988381101727,C,0,0.0,0,0.0,12.247881784904498
9352220000000.0,4.5243E+12,フェアトレードチョコレート ビターザクロ 50g,334,A.ゆうき八百屋,510,9,3006,0,0,9,4590,0.001328883263250906,374.75867914214945,0.7348209394944106,0.8732277213734236,C,0,0.0,0,0.0,12.247881784904495
14114.0,2020122802,紫芋チップス（ブラックペッパー＆ソルト）80g,421,風と土,650,7,2947,0,0,7,4550,0.0013173025812182183,371.49280829995206,0.5715273973845416,0.8745450239546418,C,0,0.0,0,0.0,12.247881784904495
14080.0,4.94327E+12,にいだしぜんしゅ純米吟醸 720ml,1500,片山,2240,2,3000,0,0,2,4480,0.001297036387661015,365.7775343261066,0.16329354210986902,0.8758420603423028,C,0,0.0,0,0.0,12.247881784904497
9352220000000.0,4.57155E+12,UPBEET! 甘酒ブラウニー 1個,374,UPBEET!,560,8,2992,0,0,8,4480,0.001297036387661015,365.7775343261066,0.6531741684394761,0.8771390967299639,C,0,0.0,0,0.0,12.247881784904497
8259.0,4.90059E+12,黒豆煮 200g,950,津乃吉,1480,3,2850,0,0,3,4440,0.0012854557056283273,362.5116634839092,0.24494031316480352,0.8784245524355923,C,0,0.0,0,0.0,12.247881784904497
9352220000000.0,4.56049E+12,３じのビスケットミニ 70g,163,山本佐太郎商店,260,17,2771,0,0,17,4420,0.0012796653646119835,360.8787280628106,1.3879951079338868,0.8797042178002042,C,0,0.0,0,0.0,12.247881784904495
13372.0,4.52411E+12,おこっぺ有機ゴーダチーズ 80g,483,ノースプレインファーム,730,6,2898,0,0,6,4380,0.0012680846825792959,357.6128572206132,0.4898806263296071,0.8809723024827836,C,0,0.0,0,0.0,12.247881784904495
13229.0,4.54393E+12,玄米おかき いづも美人 古代米(黒米) 100g,413,A.ゆうき八百屋,620,7,2891,0,0,7,4340,0.0012565040005466082,354.34698637841575,0.5715273973845415,0.8822288064833301,C,0,0.0,0,0.0,12.247881784904497
8689.0,2018042002,チャイ(ショートブレッド),462,go! MUFFINS go!,720,6,2772,0,0,6,4320,0.0012507136595302645,352.7140509573171,0.4898806263296071,0.8834795201428605,C,0,0.0,0,0.0,12.247881784904495
9352220000000.0,4.9524E+12,有機野菜飲むならこれ！1日分 190g,126,B.ゆうき八百屋,200,21,2646,0,0,21,4200,0.0012159716134322015,342.91643843072495,1.7145821921536248,0.8846954917562927,C,0,0.0,0,0.0,12.247881784904495
9352220000000.0,4.94003E+12,越前玄米茶 330ml,86,パーソナルコンタクト,140,30,2580,0,0,30,4200,0.0012159716134322015,342.91643843072495,2.4494031316480354,0.8859114633697248,C,0,0.0,0,0.0,12.247881784904495
9352220000000.0,2511171,きのね堂クッキー缶,2777,きのね堂,4200,1,2777,0,0,1,4200,0.0012159716134322015,342.91643843072495,0.08164677105493451,0.887127434983157,C,0,0.0,0,0.0,12.247881784904497
9352220000000.0,3.55601E+12,カベルネ・ソーヴィニヨン ロゼグレープジュース 1000ml,1365,マイベストグラノーラ,2100,2,2730,0,0,2,4200,0.0012159716134322015,342.91643843072495,0.16329354210986902,0.8883434065965893,C,0,0.0,0,0.0,12.247881784904497
9352220000000.0,4.59532E+12,ペットナット ブラン ナイアガラ 2025,3350,kiki wine club,4200,1,3350,0,0,1,4200,0.0012159716134322015,342.91643843072495,0.08164677105493451,0.8895593782100214,C,0,0.0,0,0.0,12.247881784904497
15278.0,4.99759E+12,成清さんの海苔せんべい 12枚,343,B.ゆうき八百屋,520,8,2744,0,0,8,4160,0.0012043909313995138,339.65056758852757,0.6531741684394761,0.890763769141421,C,0,0.0,0,0.0,12.247881784904497
9352220000000.0,4.58995E+12,寝かせ玄米ごはんパック 小豆ブレンド 160g,200,結わえる,308,13,2600,0,0,13,4004,0.001159226271472032,326.9136713039578,1.0614080237141488,0.891922995412893,C,0,0.0,0,0.0,12.247881784904495
9352220000000.0,4.58995E+12,寝かせ玄米ごはんパック 黒米ブレンド 160g,200,結わえる,308,13,2600,0,0,13,4004,0.001159226271472032,326.9136713039578,1.0614080237141488,0.893082221684365,C,0,0.0,0,0.0,12.247881784904495
9352220000000.0,4.96381E+12,豆乳で元気 125ml,127,B.ゆうき八百屋,200,20,2540,0,0,20,4000,0.0011580682032687633,326.587084219738,1.6329354210986902,0.8942402898876337,C,0,0.0,0,0.0,12.247881784904497
9352220000000.0,4.94883E+12,アーモンドミックス ちりめんのり塩 30g,336,プレスオルタナティブ,500,8,2688,0,0,8,4000,0.0011580682032687633,326.587084219738,0.6531741684394761,0.8953983580909025,C,0,0.0,0,0.0,12.247881784904497
6192.0,4.58012E+12,オーガニックハニーブッシュティ 500ml,101,A.ゆうき八百屋,190,21,2121,0,0,21,3990,0.0011551730327605913,325.7706165091887,1.7145821921536248,0.8965535311236631,C,0,0.0,0,0.0,12.247881784904495
1433.0,4.9524E+12,オーガニックジンジャーエール 250ml,105,A.ゆうき八百屋,190,21,2205,0,0,21,3990,0.0011551730327605913,325.7706165091887,1.7145821921536248,0.8977087041564237,C,0,0.0,0,0.0,12.247881784904495
9352220000000.0,4.9524E+12,光 オーガニックレモンスカッシュ250ml,105,B.ゆうき八百屋,190,21,2205,0,0,21,3990,0.0011551730327605913,325.7706165091887,1.7145821921536248,0.8988638771891844,C,0,0.0,0,0.0,12.247881784904495
9352220000000.0,4.93442E+12,日の丸ジン　蔵風土ジンソーダ 355ml,234,アルコール.ゆうき八百屋,360,11,2574,0,0,11,3960,0.0011464875212360756,323.32121337754063,0.8981144816042795,0.9000103647104204,D,0,0.0,0,0.0,12.247881784904497
9352220000000.0,4.59543E+12,パーシモン2 350ml,630,ひみつビール,980,4,2520,0,0,4,3920,0.001134906839203388,320.05534253534324,0.326587084219738,0.9011452715496239,D,0,0.0,0,0.0,12.247881784904498
11391.0,4.57001E+12,いなほパンケーキミックス 240g,637,マリールゥ,980,4,2548,0,0,4,3920,0.001134906839203388,320.05534253534324,0.326587084219738,0.9022801783888272,D,0,0.0,0,0.0,12.247881784904498
9352220000000.0,4.98926E+12,オーガニックざくろジュース100% 180ml ,256,創健社常温,390,10,2560,0,0,10,3900,0.0011291164981870442,318.4224071142446,0.8164677105493452,0.9034092948870143,D,0,0.0,0,0.0,12.247881784904495
9352220000000.0,2023122602,チョコとイチジクのパウンドケーキ,442,KANEL BREAD,650,6,2652,0,0,6,3900,0.0011291164981870442,318.4224071142446,0.4898806263296071,0.9045384113852012,D,0,0.0,0,0.0,12.247881784904495
14113.0,2020122801,紅はるかチップス（シュガー＆ソルト）80g,421,風と土,650,6,2526,0,0,6,3900,0.0011291164981870442,318.4224071142446,0.4898806263296071,0.9056675278833882,D,0,0.0,0,0.0,12.247881784904495
9352220000000.0,4.59543E+12,プラリネ 350ml,840,ひみつビール,1290,3,2520,0,0,3,3870,0.0011204309866625285,315.97300398259654,0.24494031316480352,0.9067879588700508,D,0,0.0,0,0.0,12.247881784904497
14384.0,4.94743E+12,チョリソー 3本,680,ピュアファーム,960,4,2720,0,0,4,3840,0.0011117454751380128,313.5236008509485,0.32658708421973803,0.9078997043451889,D,0,0.0,0,0.0,12.247881784904497
9352220000000.0,4.94883E+12,抹茶チョコ×カシュー 35ｇ,364,A.ゆうき八百屋,540,7,2548,0,0,7,3780,0.0010943744520889812,308.62479458765245,0.5715273973845416,0.9089940787972778,D,0,0.0,0,0.0,12.247881784904495
9352220000000.0,4.56234E+12,純国産卵黄ぼーろ 14g×4袋,188,ムソー常温,290,13,2444,0,0,13,3770,0.0010914792815808095,307.8083268771031,1.0614080237141488,0.9100855580788586,D,0,0.0,0,0.0,12.247881784904495
9352220000000.0,4.58981E+12,唯七味 11g,830,唯一味,1250,3,2490,0,0,3,3750,0.0010856889405644655,306.1753914560044,0.2449403131648035,0.911171247019423,D,0,0.0,0,0.0,12.247881784904497
9352220000000.0,4.56023E+12,ベイクドチーズケーキ 1個,826,かすたねっと,1250,3,2478,0,0,3,3750,0.0010856889405644655,306.1753914560044,0.2449403131648035,0.9122569359599875,D,0,0.0,0,0.0,12.247881784904497
12603.0,4.56045E+12,FY缶ギフトBOX,100,FAR YEAST BREWING,160,23,2300,0,0,23,3680,0.0010654227470072622,300.460117482159,1.8778757342634935,0.9133223587069947,D,0,0.0,0,0.0,12.247881784904497
9352220000000.0,4.90837E+12,箱根山麓紅茶 490g,125,創健社常温,200,18,2250,0,0,18,3600,0.001042261382941887,293.92837579776426,1.4696418789888213,0.9143646200899366,D,0,0.0,0,0.0,12.247881784904495
9352220000000.0,4.58944E+12,あんペースト(黒砂糖とメープルシロップ) 155g,890,虎玄,1200,3,2670,0,0,3,3600,0.001042261382941887,293.92837579776426,0.24494031316480355,0.9154068814728784,D,0,0.0,0,0.0,12.247881784904495
9352220000000.0,2.02311E+12,GIFT COFFEE BAG_デカフェ (5個/set),1176,OVERVIEW COFFEE,1780,2,2352,0,0,2,3560,0.0010306807009091994,290.6625049555669,0.16329354210986902,0.9164375621737877,D,0,0.0,0,0.0,12.247881784904497
503.0,4.97754E+12,おさかなソーセージ45g×2,220,C.ゆうき八百屋,350,10,2200,0,0,10,3500,0.001013309677860168,285.7636986922708,0.8164677105493451,0.9174508718516478,D,0,0.0,0,0.0,12.247881784904497
9352220000000.0,4.56234E+12,オーガニックミックスナッツ 65g,375,ムソー常温,580,6,2250,0,0,6,3480,0.001007519336843824,284.1307632711721,0.48988062632960705,0.9184583911884916,D,0,0.0,0,0.0,12.247881784904497
15517.0,4.56234E+12,オーガニック小麦のどらやき 1個,147,ムソー常温,230,15,2205,0,0,15,3450,0.0009988338253193083,281.68136013952403,1.2247015658240175,0.9194572250138109,D,0,0.0,0,0.0,12.247881784904498
7344.0,42334200,有機スパークリング パッションフルーツエイド 330ml,279,アリサン,430,8,2232,0,0,8,3440,0.0009959386548111366,280.86489242897477,0.6531741684394762,0.9204531636686221,D,0,0.0,0,0.0,12.247881784904493
7345.0,42334217,有機スパークリング  ブラッドオレンジエイド 330ml,279,アリサン,430,8,2232,0,0,8,3440,0.0009959386548111366,280.86489242897477,0.6531741684394762,0.9214491023234331,D,0,0.0,0,0.0,12.247881784904493
9352220000000.0,4.58059E+12,SUKUSUKU BALL 20g,335,ondo,490,7,2345,0,0,7,3430,0.0009930434843029646,280.0484247184254,0.5715273973845416,0.9224421458077362,D,0,0.0,0,0.0,12.247881784904495
9352220000000.0,4.58059E+12,SUKUSUKU BALL 20g,335,ondo,490,7,2345,0,0,7,3430,0.0009930434843029646,280.0484247184254,0.5715273973845416,0.9234351892920392,D,0,0.0,0,0.0,12.247881784904495
13692.0,4.94122E+12,龍馬LEMON (ノンアルコールビール)350ml,105,A.ゆうき八百屋,170,20,2100,0,0,20,3400,0.0009843579727784489,277.5990215867773,1.6329354210986902,0.9244195472648176,D,0,0.0,0,0.0,12.247881784904497
8456.0,84114009982,ポテトチップ シーソルト 141g,552,ミエプロジェクト,850,4,2208,0,0,4,3400,0.0009843579727784489,277.5990215867773,0.32658708421973803,0.925403905237596,D,0,0.0,0,0.0,12.247881784904497
9352220000000.0,20251219001,天狗桜 720ml,2150,白石酒造,3400,1,2150,0,0,1,3400,0.0009843579727784489,277.5990215867773,0.08164677105493451,0.9263882632103744,D,0,0.0,0,0.0,12.247881784904497
9352220000000.0,4.94327E+12,にいだしぜんしゅ 燗誂 720ml,1125,片山,1680,2,2250,0,0,2,3360,0.0009727772907457612,274.33315074457994,0.16329354210986902,0.9273610405011201,D,0,0.0,0,0.0,12.247881784904497
9352220000000.0,91901,カフェオレベース 500ml,1071,カフェ・ヴィヴモン・ディモンシュ,1648,2,2142,0,0,2,3296,0.000954248199493461,269.1077573970642,0.16329354210986904,0.9283152887006136,D,0,0.0,0,0.0,12.247881784904493
9352220000000.0,7.64016E+12,有機ベビースムージー ゼブラビーツ 100g,192,おもちゃ箱,320,10,1920,0,0,10,3200,0.0009264545626150106,261.26966737579045,0.8164677105493452,0.9292417432632286,D,0,0.0,0,0.0,12.247881784904495
9352220000000.0,4.52864E+12,百年はちみつ 液体のど飴スプレー ミント 25ml,975,創健社常温,1600,2,1950,0,0,2,3200,0.0009264545626150106,261.26966737579045,0.16329354210986902,0.9301681978258436,D,0,0.0,0,0.0,12.247881784904497
8482.0,4.97373E+12,のどガム 10個,135,ムソー常温,200,16,2160,0,0,16,3200,0.0009264545626150106,261.26966737579045,1.3063483368789521,0.9310946523884586,D,0,0.0,0,0.0,12.247881784904497
6202.0,4.93318E+12,焙りほたるいか 12g,175,A.ゆうき八百屋,290,11,1925,0,0,11,3190,0.0009235593921068388,260.4531996652411,0.8981144816042795,0.9320182117805654,D,0,0.0,0,0.0,12.247881784904497
9352220000000.0,4.57356E+12,ドラゴンアイ スノー(オーガニックペールエール) 350ml,348,アルコール.ゆうき八百屋,530,6,2088,0,0,6,3180,0.0009206642215986668,259.63673195469175,0.4898806263296071,0.9329388760021641,D,0,0.0,0,0.0,12.247881784904495
9352220000000.0,4.58995E+12,寝かせ玄米ごはん ゆめぴりか100% 160g,220,結わえる,339,9,1980,0,0,9,3051,0.0008833165220432492,249.1042984886052,0.7348209394944106,0.9338221925242073,D,0,0.0,0,0.0,12.247881784904495
9352220000000.0,20240616002,あんこまるパン,167,Garden House Crafts,250,12,2004,0,0,12,3000,0.0008685511524515725,244.94031316480354,0.9797612526592142,0.9346907436766587,D,0,0.0,0,0.0,12.247881784904495
9352220000000.0,4.95738E+12,発酵ジンジャーエール ORIGINAL 250ml,360,後藤製菓,600,5,1800,0,0,5,3000,0.0008685511524515725,244.94031316480354,0.40823385527467254,0.9355592948291103,D,0,0.0,0,0.0,12.247881784904497
9352220000000.0,20241201,ありがとうスモークチキン (S),2163,小林農園,2980,1,2163,0,0,1,2980,0.0008627608114352286,243.30737774370485,0.08164677105493451,0.9364220556405455,D,0,0.0,0,0.0,12.247881784904497
14521.0,12202 - CMK004,チョコチップクッキー 1個,210,オーボンソレイユ,330,9,1890,0,0,9,2970,0.0008598656409270568,242.4909100331555,0.7348209394944106,0.9372819212814726,D,0,0.0,0,0.0,12.247881784904495
13368.0,4.58257E+12,マヌカハニーステックHigh grade 6本,943,POT Trading,1480,2,1886,0,0,2,2960,0.0008569704704188848,241.67444232260613,0.16329354210986902,0.9381388917518916,D,0,0.0,0,0.0,12.247881784904497
9352220000000.0,4.59543E+12,ベイビーペンギン 350ml,630,ひみつビール,980,3,1890,0,0,3,2940,0.0008511801294025411,240.04150690150746,0.24494031316480352,0.9389900718812941,D,0,0.0,0,0.0,12.247881784904497
9352220000000.0,4.58241E+12,ココナッツキャラメルポップコーン 50g,322,ブラウンシュガーファースト,490,6,1932,0,0,6,2940,0.0008511801294025411,240.04150690150746,0.48988062632960705,0.9398412520106967,D,0,0.0,0,0.0,12.247881784904497
16014.0,4.56045E+12,Sumomo Salty Sour 350ml,375,FAR YEAST BREWING,580,5,1875,0,0,5,2900,0.0008395994473698534,236.77563605931007,0.40823385527467254,0.9406808514580665,D,0,0.0,0,0.0,12.247881784904497
9352220000000.0,4.90103E+12,豆ジャン 豆乳飲料 珈琲 200ml,98,ムソー常温,160,18,1764,0,0,18,2880,0.0008338091063535096,235.14270063821138,1.469641878988821,0.9415146605644199,D,0,0.0,0,0.0,12.247881784904497
9352220000000.0,4.59564E+12,低温殺菌ノンホモジャージー牛乳 150ml,234,須藤牧場,360,8,1872,0,0,8,2880,0.0008338091063535096,235.14270063821138,0.6531741684394761,0.9423484696707735,D,0,0.0,0,0.0,12.247881784904497
9352220000000.0,2311901,COFFEE BAG LATIN AMERICA 1個,202,OVERVIEW COFFEE,320,9,1818,0,0,9,2880,0.0008338091063535096,235.14270063821138,0.7348209394944105,0.943182278777127,D,0,0.0,0,0.0,12.247881784904497
9352220000000.0,4.99662E+12,特別純米酒 白老 春うららカップ 180ml,307,アルコール.ゆうき八百屋,470,6,1842,0,0,6,2820,0.0008164380833044782,230.24389437491533,0.4898806263296071,0.9439987168604315,D,0,0.0,0,0.0,12.247881784904495
9352220000000.0,4.58969E+12,ドリップバッグ(旬のシングル 深煎り),172,丸山珈琲,280,10,1720,0,0,10,2800,0.0008106477422881343,228.61095895381663,0.8164677105493451,0.9448093646027196,D,0,0.0,0,0.0,12.247881784904497
8513.0,4.9524E+12,有機フルーティーMixジュースプラス野菜 195g,129,B.ゆうき八百屋,200,14,1806,0,0,14,2800,0.0008106477422881343,228.61095895381663,1.1430547947690832,0.9456200123450076,D,0,0.0,0,0.0,12.247881784904495
9352220000000.0,4.97397E+12,フィッシュプロテインバー 5種のチーズのホタテグラタン風 1本,240,鈴廣,340,8,1920,0,0,8,2720,0.0007874863782227591,222.0792172694219,0.6531741684394762,0.9464074987232305,D,0,0.0,0,0.0,12.247881784904493
9352220000000.0,4.51877E+12,チーズクッキー 35g,353,A.ゆうき八百屋,540,5,1765,0,0,5,2700,0.0007816960372064153,220.4462818483232,0.4082338552746726,0.9471891947604367,D,0,0.0,0,0.0,12.247881784904495
15632.0,4.94883E+12,塩チョコ×カシュー 35g,364,B.ゆうき八百屋,540,5,1820,0,0,5,2700,0.0007816960372064153,220.4462818483232,0.4082338552746726,0.9479708907976431,D,0,0.0,0,0.0,12.247881784904495
9352220000000.0,4.95738E+12,有機JAS認証 生姜百景-GINGER SHOT- 50ml,322,後藤製菓,540,5,1610,0,0,5,2700,0.0007816960372064153,220.4462818483232,0.4082338552746726,0.9487525868348494,D,0,0.0,0,0.0,12.247881784904495
9352220000000.0,4.90801E+12,よつ葉北海道十勝 おつまみチーズゴーダ 30g,171,C.ゆうき八百屋,260,10,1710,0,0,10,2600,0.0007527443321246962,212.28160474282973,0.8164677105493451,0.9495053311669741,D,0,0.0,0,0.0,12.247881784904497
1181.0,4.97373E+12,ミントガム 10個,135,ムソー常温,200,13,1755,0,0,13,2600,0.0007527443321246962,212.28160474282973,1.0614080237141486,0.9502580754990987,D,0,0.0,0,0.0,12.247881784904497
9352220000000.0,4.5624E+12,おとなの玄米ポリッポリ プレーン 40g,240,禾,370,7,1680,0,0,7,2590,0.0007498491616165242,211.46513703228038,0.5715273973845416,0.9510079246607152,D,0,0.0,0,0.0,12.247881784904495
9352220000000.0,4.5624E+12,グルテンフリークラッカー きのこラーメン,240,禾,370,7,1680,0,0,7,2590,0.0007498491616165242,211.46513703228038,0.5715273973845416,0.9517577738223316,D,0,0.0,0,0.0,12.247881784904495
9352220000000.0,2024042202,マハラジャ ナッツアソート グラスジャー 120g,840,アンベッサアンドコー,1290,2,1680,0,0,2,2580,0.0007469539911083524,210.64866932173103,0.16329354210986902,0.95250472781344,D,0,0.0,0,0.0,12.247881784904497
9352220000000.0,4.59506E+12,COFFEE BAG AFRICA 1個,202,OVERVIEW COFFEE,320,8,1616,0,0,8,2560,0.0007411636500920085,209.01573390063234,0.6531741684394761,0.9532458914635321,D,0,0.0,0,0.0,12.247881784904497
9352220000000.0,4.95738E+12,有機JAS 発酵ジンジャーシロップ 200ml,750,後藤製菓,1250,2,1500,0,0,2,2500,0.000723792627042977,204.11692763733626,0.16329354210986902,0.9539696840905749,D,0,0.0,0,0.0,12.247881784904497
9352220000000.0,5.60113E+12,ガタオCAN レッド 250ml,288,木下インターナショナル,480,5,1440,0,0,5,2400,0.0006948409219612579,195.95225053184282,0.40823385527467254,0.9546645250125361,D,0,0.0,0,0.0,12.247881784904497
13373.0,4.52411E+12,おこっぺ有機スモークチーズ 80g,511,ノースプレインファーム,790,3,1533,0,0,3,2370,0.0006861554104367422,193.50284740019478,0.24494031316480352,0.9553506804229729,D,0,0.0,0,0.0,12.247881784904497
9352220000000.0,4.5715E+12,CRACKERS チーズのOTOMO 20枚,1605,渋谷CHEESE STAND,2350,1,1605,0,0,1,2350,0.0006803650694203984,191.8699119790961,0.08164677105493451,0.9560310454923932,D,0,0.0,0,0.0,12.247881784904497
15267.0,4.9445E+12,粟国の塩飴 72g,243,B.ゆうき八百屋,390,6,1458,0,0,6,2340,0.0006774698989122265,191.05344426854677,0.4898806263296071,0.9567085153913054,D,0,0.0,0,0.0,12.247881784904495
9352220000000.0,4.56045E+12,FAR YEAST BLONDE 350ml 缶,296,FAR YEAST BREWING,460,5,1480,0,0,5,2300,0.0006658892168795389,187.78757342634935,0.4082338552746725,0.9573744046081848,D,0,0.0,0,0.0,12.247881784904498
15427.0,4.57139E+12,ザクロソーダ 355ml,300,バーチ,460,5,1500,0,0,5,2300,0.0006658892168795389,187.78757342634935,0.4082338552746725,0.9580402938250643,D,0,0.0,0,0.0,12.247881784904498
9352220000000.0,4.58042E+12,出雲ぜんざい 1食分,511,良品工房,760,3,1533,0,0,3,2280,0.000660098875863195,186.15463800525066,0.2449403131648035,0.9587003927009274,D,0,0.0,0,0.0,12.247881784904497
9352220000000.0,2024011402,m白菜漬け,240,ゆうき八百屋/温市/グリーンネットワーク,380,6,1440,0,0,6,2280,0.000660098875863195,186.15463800525066,0.489880626329607,0.9593604915767906,D,0,0.0,0,0.0,12.247881784904497
11589.0,4.52411E+12,おこっぺバタークリームケーキ 1個,280,ノースプレインファーム,450,5,1400,0,0,5,2250,0.0006514133643386793,183.70523487360265,0.40823385527467254,0.9600119049411292,D,0,0.0,0,0.0,12.247881784904497
11215.0,4.90405E+12,かき燻製 65g,694,つりや,1120,2,1388,0,0,2,2240,0.0006485181938305075,182.8887671630533,0.16329354210986902,0.9606604231349596,D,0,0.0,0,0.0,12.247881784904497
9352220000000.0,4.90591E+12,三色福豆 80g,286,ムソー常温,440,5,1430,0,0,5,2200,0.0006369375117978198,179.62289632085592,0.40823385527467254,0.9612973606467573,D,0,0.0,0,0.0,12.247881784904497
15885.0,8.01943E+12,有機ソイドリンク 1000ml,462,B.ゆうき八百屋,710,3,1386,0,0,3,2130,0.0006166713182406164,173.9076223470105,0.2449403131648035,0.9619140319649979,D,0,0.0,0,0.0,12.247881784904497
12673.0,22501,山椒ポークジャーキー 12g,453,ニックジャーキー,700,3,1359,0,0,3,2100,0.0006079858067161007,171.45821921536248,0.24494031316480352,0.9625220177717141,D,0,0.0,0,0.0,12.247881784904497
9352220000000.0,4.56044E+12,有機アガベチョコレート スティック カカオ70％ 62g,686,A.ゆうき八百屋,1050,2,1372,0,0,2,2100,0.0006079858067161007,171.45821921536248,0.16329354210986902,0.9631300035784304,D,0,0.0,0,0.0,12.247881784904497
9352220000000.0,2511126,Happy Holidays! フランボワーズと角切りりんごのジャム,725,romi-unie,1020,2,1450,0,0,2,2040,0.0005906147836670693,166.55941295206642,0.16329354210986904,0.9637206183620973,D,0,0.0,0,0.0,12.247881784904493
12048.0,4.93886E+12,手のし柿の種 甘辛落花 38g,220,B.ゆうき八百屋,340,6,1320,0,0,6,2040,0.0005906147836670693,166.55941295206642,0.4898806263296071,0.9643112331457644,D,0,0.0,0,0.0,12.247881784904495
15960.0,5.70198E+12,プラントベース 有機スプレッド 225g,434,アリサン,680,3,1302,0,0,3,2040,0.0005906147836670693,166.55941295206642,0.24494031316480355,0.9649018479294313,D,0,0.0,0,0.0,12.247881784904495
9339710000000.0,4.58069E+12,ホールバー デーツ＆ピスタチオ 40g,193,クラシックオーガニクス,290,7,1351,0,0,7,2030,0.0005877196131588974,165.74294524151705,0.5715273973845415,0.9654895675425902,D,0,0.0,0,0.0,12.247881784904497
9352220000000.0,4.94883E+12,アーモンドミックス 桜えびペペロンチーノ 30g,336,プレスオルタナティブ,500,4,1344,0,0,4,2000,0.0005790341016343817,163.293542109869,0.32658708421973803,0.9660686016442247,D,0,0.0,0,0.0,12.247881784904497
9339710000000.0,4.93197E+12,柿茶 350ml,162,A.ゆうき八百屋,250,8,1296,0,0,8,2000,0.0005790341016343817,163.293542109869,0.6531741684394761,0.9666476357458591,D,0,0.0,0,0.0,12.247881784904497
14081.0,4.94327E+12,にいだしぜんしゅ純米原酒 720ml,1313,片山,1980,1,1313,0,0,1,1980,0.0005732437606180378,161.66060668877032,0.08164677105493451,0.9672208795064772,D,0,0.0,0,0.0,12.247881784904497
1468.0,4.94883E+12,チャイパック 3gx12,322,A.ゆうき八百屋,490,4,1288,0,0,4,1960,0.000567453419601694,160.02767126767162,0.326587084219738,0.9677883329260789,D,0,0.0,0,0.0,12.247881784904498
9352220000000.0,4.57155E+12,UPBEET! チョコレートズッキーニ ケーキ 1個,318,UPBEET!,490,4,1272,0,0,4,1960,0.000567453419601694,160.02767126767162,0.326587084219738,0.9683557863456806,D,0,0.0,0,0.0,12.247881784904498
9352220000000.0,4.52013E+12,福まめ 85g,262,金沢大地,390,5,1310,0,0,5,1950,0.0005645582490935221,159.2112035571223,0.4082338552746726,0.9689203445947743,D,0,0.0,0,0.0,12.247881784904495
9352220000000.0,4.5806E+12,ギュっとフルーツ 8枚,266,A.ゆうき八百屋,390,5,1330,0,0,5,1950,0.0005645582490935221,159.2112035571223,0.4082338552746726,0.9694849028438679,D,0,0.0,0,0.0,12.247881784904495
9352220000000.0,20230920001,アプリコットのパウンドケーキ,442,KANEL BREAD,650,3,1326,0,0,3,1950,0.0005645582490935221,159.2112035571223,0.24494031316480355,0.9700494610929615,E,0,0.0,0,0.0,12.247881784904495
9352220000000.0,4.58995E+12,ごろごろ野菜の麻辣丼 150g,315,結わえる,480,4,1260,0,0,4,1920,0.0005558727375690064,156.76180042547426,0.32658708421973803,0.9706053338305305,E,0,0.0,0,0.0,12.247881784904497
9352220000000.0,4.58995E+12,バジル香る国産鶏のガパオ 140g,315,結わえる,480,4,1260,0,0,4,1920,0.0005558727375690064,156.76180042547426,0.32658708421973803,0.9711612065680996,E,0,0.0,0,0.0,12.247881784904497
9352220000000.0,3.55601E+12,カベルネ・ソヴィニヨン 赤グレープジュース 330ml,618,マイベストグラノーラ,950,2,1236,0,0,2,1900,0.0005500823965526626,155.12886500437557,0.16329354210986902,0.9717112889646523,E,0,0.0,0,0.0,12.247881784904497
9352220000000.0,4.58976E+12,KIMINO GYOKURO プレミアムグリーンティ 缶 190g,226,キミノドリンク,380,5,1130,0,0,5,1900,0.0005500823965526626,155.12886500437557,0.40823385527467254,0.972261371361205,E,0,0.0,0,0.0,12.247881784904497
15979.0,4.56045E+12,KOMBUCHA YUZUボトル 300ml,395,大泉工場,630,3,1185,0,0,3,1890,0.0005471872260444906,154.31239729382622,0.24494031316480352,0.9728085585872495,E,0,0.0,0,0.0,12.247881784904497
12420.0,4.57142E+12,ORIGINAL 但馬玄(たじまぐろ) 20g,1231,ニックジャーキー,1890,1,1231,0,0,1,1890,0.0005471872260444906,154.31239729382622,0.08164677105493451,0.9733557458132939,E,0,0.0,0,0.0,12.247881784904497
9352220000000.0,4.57155E+12,ドーナツビスケット 8枚,233,UPBEET!,360,5,1165,0,0,5,1800,0.0005211306914709435,146.96418789888213,0.4082338552746726,0.9738768765047648,E,0,0.0,0,0.0,12.247881784904495
16147.0,4.57328E+12,オーガニックポテトチップス ホワイトトリュフ 85g,375,オーサワジャパン常温,590,3,1125,0,0,3,1770,0.0005124451799464278,144.5147847672341,0.24494031316480355,0.9743893216847113,E,0,0.0,0,0.0,12.247881784904495
9352220000000.0,2510221,オリジナルチャイベース 200ml,1225,Chiyaba,1750,1,1225,0,0,1,1750,0.000506654838930084,142.8818493461354,0.08164677105493451,0.9748959765236415,E,0,0.0,0,0.0,12.247881784904497
15570.0,4.90405E+12,甘えび素干し 30g,375,つりや,580,3,1125,0,0,3,1740,0.000503759668421912,142.06538163558605,0.24494031316480352,0.9753997361920633,E,0,0.0,0,0.0,12.247881784904497
1109.0,4.95833E+12,有機グリーンピースチップス 45g,193,ムソー常温,290,6,1158,0,0,6,1740,0.000503759668421912,142.06538163558605,0.48988062632960705,0.9759034958604851,E,0,0.0,0,0.0,12.247881784904497
14115.0,2020122803,焼き芋ジャム 150g,550,風と土,850,2,1100,0,0,2,1700,0.0004921789863892244,138.79951079338866,0.16329354210986902,0.9763956748468744,E,0,0.0,0,0.0,12.247881784904497
9352220000000.0,4.57128E+12,スペシャルティ・マイルド ブレンド(粉) 100g,530,丸山珈琲,840,2,1060,0,0,2,1680,0.0004863886453728806,137.16657537228997,0.16329354210986902,0.9768820634922473,E,0,0.0,0,0.0,12.247881784904497
11828.0,4.52411E+12,おこっぺ有機チーズモッツァレラ 100g,525,ノースプレインファーム,820,2,1050,0,0,2,1640,0.00047480796334019293,133.90070453009258,0.16329354210986902,0.9773568714555874,E,0,0.0,0,0.0,12.247881784904497
9352220000000.0,4.94514E+12,ミネストローネ (1食分),117,コスモス食品,180,9,1053,0,0,9,1620,0.00046901762232384915,132.26776910899392,0.7348209394944106,0.9778258890779112,E,0,0.0,0,0.0,12.247881784904495
9352220000000.0,2512151,SANアソートボックス(シングル) 6包入,1130,SAN,1610,1,1130,0,0,1,1610,0.00046612245181567723,131.45130139844457,0.08164677105493452,0.9782920115297269,E,0,0.0,0,0.0,12.247881784904493
9352220000000.0,4.9524E+12,国産有機むぎ茶 ボトル缶 275g,105,B.ゆうき八百屋,160,10,1050,0,0,10,1600,0.0004632272813075053,130.63483368789522,0.8164677105493452,0.9787552388110345,E,0,0.0,0,0.0,12.247881784904495
11586.0,4.52411E+12,オホーツクおこっぺ有機ヨーグルト砂糖不使用 150g,189,ノースプレインファーム,320,5,945,0,0,5,1600,0.0004632272813075053,130.63483368789522,0.4082338552746726,0.9792184660923421,E,0,0.0,0,0.0,12.247881784904495
9352220000000.0,20240519004,1/4カット 国産小麦のカンパーニュ,242,Garden House Crafts,390,4,968,0,0,4,1560,0.0004516465992748177,127.36896284569784,0.32658708421973803,0.979670112691617,E,0,0.0,0,0.0,12.247881784904497
9352220000000.0,4.93283E+12,米粉クッキー(キャロブ＆ココア) 60g,265,オーサワジャパン常温,390,4,1060,0,0,4,1560,0.0004516465992748177,127.36896284569784,0.32658708421973803,0.9801217592908918,E,0,0.0,0,0.0,12.247881784904497
9352220000000.0,4.5806E+12,ギュっと玄米 8枚,266,A.ゆうき八百屋,390,4,1064,0,0,4,1560,0.0004516465992748177,127.36896284569784,0.32658708421973803,0.9805734058901666,E,0,0.0,0,0.0,12.247881784904497
12985.0,4.58252E+12,ピーナッツバター ノーマル 100g,1070,サンチャイ,1530,1,1070,0,0,1,1530,0.00044296108775030194,124.9195597140498,0.08164677105493451,0.9810163669779169,E,0,0.0,0,0.0,12.247881784904497
9352220000000.0,4.97861E+12,五目かまぼこ 120g ,1088,ムソーおせち,1480,1,1088,0,0,1,1480,0.0004284852352094424,120.83722116130306,0.08164677105493451,0.9814448522131263,E,0,0.0,0,0.0,12.247881784904497
1138.0,4.99759E+12,しらす揚げ おかき 50g,241,B.ゆうき八百屋,370,4,964,0,0,4,1480,0.0004284852352094424,120.83722116130306,0.32658708421973803,0.9818733374483357,E,0,0.0,0,0.0,12.247881784904497
9352220000000.0,4.58064E+12,またいちの塩 焼塩 50g,525,新三郎商店,730,2,1050,0,0,2,1460,0.0004226948941930986,119.20428574020438,0.16329354210986902,0.9822960323425288,E,0,0.0,0,0.0,12.247881784904497
9339710000000.0,4.58069E+12,ホールバー ピーナッツバターチャイ 40g,193,クラシックオーガニクス,290,5,965,0,0,5,1450,0.0004197997236849267,118.38781802965504,0.40823385527467254,0.9827158320662138,E,0,0.0,0,0.0,12.247881784904497
15800.0,2022041103,ターキッシュ・ワイルドアプリコットmini pack,315,アンベッサアンドコー,480,3,945,0,0,3,1440,0.0004169045531767548,117.57135031910569,0.24494031316480352,0.9831327366193905,E,0,0.0,0,0.0,12.247881784904497
15798.0,2022041101,ターキッシュ・ドライフィグ・スミルナ mini pack,315,アンベッサアンドコー,480,3,945,0,0,3,1440,0.0004169045531767548,117.57135031910569,0.24494031316480352,0.9835496411725672,E,0,0.0,0,0.0,12.247881784904497
1191.0,4.90174E+12,メイシーちゃんのおきにいり いちごとぶどうのラムネ 80g,224,創健社常温,360,4,896,0,0,4,1440,0.0004169045531767548,117.57135031910569,0.32658708421973803,0.9839665457257437,E,0,0.0,0,0.0,12.247881784904497
9352220000000.0,20240519002,全粒粉丸パン(3ps入),321,Garden House Crafts,480,3,963,0,0,3,1440,0.0004169045531767548,117.57135031910569,0.24494031316480352,0.9843834502789204,E,0,0.0,0,0.0,12.247881784904497
14116.0,2020122804,塩けんぴ 70g,291,風と土,480,3,873,0,0,3,1440,0.0004169045531767548,117.57135031910569,0.24494031316480352,0.984800354832097,E,0,0.0,0,0.0,12.247881784904497
9352220000000.0,4.94514E+12,わかめスープ (1食分),91,コスモス食品,140,10,910,0,0,10,1400,0.00040532387114406717,114.30547947690832,0.8164677105493451,0.9852056787032412,E,0,0.0,0,0.0,12.247881784904497
9352220000000.0,4.51059E+12,yaetoco 伊予柑しっとりハンドクリーム 20g,448,B.ゆうき八百屋,700,2,896,0,0,2,1400,0.00040532387114406717,114.30547947690832,0.16329354210986902,0.9856110025743854,E,0,0.0,0,0.0,12.247881784904497
9352220000000.0,2024022301,アザラシミルクコーヒー 350ml,910,ひみつビール,1390,1,910,0,0,1,1390,0.00040242870063589525,113.48901176635897,0.08164677105493451,0.9860134312750212,E,0,0.0,0,0.0,12.247881784904497
13814.0,4.58069E+12,ゴールデンデーツ 80g,292,クラシックオーガニクス,460,3,876,0,0,3,1380,0.00039953353012772333,112.67254405580962,0.24494031316480352,0.9864129648051488,E,0,0.0,0,0.0,12.247881784904497
9352220000000.0,4.90801E+12,よつ葉北海道十勝 おつまみチーズチェダー 30g,171,C.ゆうき八百屋,260,5,855,0,0,5,1300,0.0003763721660623481,106.14080237141486,0.40823385527467254,0.9867893369712112,E,0,0.0,0,0.0,12.247881784904497
9352220000000.0,4.96902E+12,日本の米育ち三元豚 レバーペースト 100g,416,創健社冷蔵,640,2,832,0,0,2,1280,0.00037058182504600426,104.50786695031617,0.16329354210986902,0.9871599187962572,E,0,0.0,0,0.0,12.247881784904497
1134.0,4.54393E+12,玄米おかき いづも美人 100g,399,B.ゆうき八百屋,590,2,798,0,0,2,1180,0.0003416301199642852,96.34318984482273,0.16329354210986904,0.9875015489162213,E,0,0.0,0,0.0,12.247881784904493
9352220000000.0,2550102,魚麹ラー油 85g,770,FUSABUSA,1150,1,770,0,0,1,1150,0.00033294460843976944,93.89378671317468,0.08164677105493451,0.9878344935246612,E,0,0.0,0,0.0,12.247881784904497
1125.0,4.94781E+12,飲むこんにゃくゼリー りんご 130g,120,B.ゆうき八百屋,190,6,720,0,0,6,1140,0.0003300494379315975,93.07731900262533,0.489880626329607,0.9881645429625929,E,0,0.0,0,0.0,12.247881784904497
9352220000000.0,4.90103E+12,豆ジャン 豆乳飲料 青汁 200ml,98,ムソー常温,160,7,686,0,0,7,1120,0.00032425909691525374,91.44438358152665,0.5715273973845416,0.9884888020595081,E,0,0.0,0,0.0,12.247881784904495
9352220000000.0,2024042201,マハラジャ フルーツアソート グラスジャー 120g,700,アンベッサアンドコー,1080,1,700,0,0,1,1080,0.0003126784148825661,88.17851273932928,0.08164677105493452,0.9888014804743906,E,0,0.0,0,0.0,12.247881784904493
9352220000000.0,4.59543E+12,桃の紅茶 350ml,700,ひみつビール,1080,1,700,0,0,1,1080,0.0003126784148825661,88.17851273932928,0.08164677105493452,0.9891141588892731,E,0,0.0,0,0.0,12.247881784904493
9352220000000.0,4.59512E+12,ストレートりんごジュース(ぐんま名月/シナノスイート) 720ml,700,山とりんご,1080,1,700,0,0,1,1080,0.0003126784148825661,88.17851273932928,0.08164677105493452,0.9894268373041556,E,0,0.0,0,0.0,12.247881784904493
8217.0,4.94781E+12,梅肉エキス飴 80g,227,B.ゆうき八百屋,360,3,681,0,0,3,1080,0.0003126784148825661,88.17851273932928,0.24494031316480355,0.9897395157190381,E,0,0.0,0,0.0,12.247881784904495
1325.0,4.53242E+12,有機オートミール 500g,350,B.ゆうき八百屋,540,2,700,0,0,2,1080,0.0003126784148825661,88.17851273932928,0.16329354210986904,0.9900521941339205,E,0,0.0,0,0.0,12.247881784904493
9352220000000.0,4.59512E+12,コンフィチュール(プレーン) 275g,680,山とりんご,1050,1,680,0,0,1,1050,0.00030399290335805036,85.72910960768124,0.08164677105493451,0.9903561870372787,E,0,0.0,0,0.0,12.247881784904497
9352220000000.0,20240722059,Caramel Bretagne キャラメルと発酵バターとゲランドの塩 80g,725,romi-unie,1020,1,725,0,0,1,1020,0.00029530739183353466,83.27970647603321,0.08164677105493452,0.9906514944291122,E,0,0.0,0,0.0,12.247881784904493
1184.0,4.93186E+12,香蓮飴 100g,322,B.ゆうき八百屋,500,2,644,0,0,2,1000,0.00028951705081719083,81.6467710549345,0.16329354210986902,0.9909410114799294,E,0,0.0,0,0.0,12.247881784904497
9352220000000.0,4.58059E+12,SUKUSUKU BALL 20g,335,ondo,490,2,670,0,0,2,980,0.000283726709800847,80.01383563383581,0.163293542109869,0.9912247381897302,E,0,0.0,0,0.0,12.247881784904498
9352220000000.0,4.59543E+12,HOMEY SAISON 350ml,630,ひみつビール,980,1,630,0,0,1,980,0.000283726709800847,80.01383563383581,0.0816467710549345,0.9915084648995309,E,0,0.0,0,0.0,12.247881784904498
9352220000000.0,2510201,ビバ・ラ・ビター 350ml,630,ひみつビール,970,1,630,0,0,1,970,0.00028083153929267513,79.19736792328648,0.08164677105493451,0.9917892964388236,E,0,0.0,0,0.0,12.247881784904497
1124.0,4.94781E+12,飲むこんにゃくゼリー ぶどう 130g,120,B.ゆうき八百屋,190,5,600,0,0,5,950,0.0002750411982763313,77.56443250218778,0.40823385527467254,0.9920643376371,E,0,0.0,0,0.0,12.247881784904497
15697.0,4.97373E+12,グレープグミ 20g×4,308,ムソー常温,460,2,616,0,0,2,920,0.00026635568675181554,75.11502937053974,0.16329354210986902,0.9923306933238517,E,0,0.0,0,0.0,12.247881784904497
11404.0,4.97677E+12,国産米油だけで揚げたポテトチップス 60g,146,B.ゆうき八百屋,230,4,584,0,0,4,920,0.00026635568675181554,75.11502937053974,0.32658708421973803,0.9925970490106035,E,0,0.0,0,0.0,12.247881784904497
9352220000000.0,4.57155E+12,UPBEET!クッキー カルダモン 60g,297,UPBEET!,460,2,594,0,0,2,920,0.00026635568675181554,75.11502937053974,0.16329354210986902,0.9928634046973553,E,0,0.0,0,0.0,12.247881784904497
9352220000000.0,4.59512E+12,ドライりんごチップス 40g,550,山とりんご,850,1,550,0,0,1,850,0.0002460894931946122,69.39975539669433,0.08164677105493451,0.99310949419055,E,0,0.0,0,0.0,12.247881784904497
15997.0,8.17335E+11,有機ペパーミント 18g,266,アリサン,420,2,532,0,0,2,840,0.0002431943226864403,68.58328768614498,0.16329354210986902,0.9933526885132364,E,0,0.0,0,0.0,12.247881784904497
7857.0,4.90059E+12,黒豆煮 100g,540,津乃吉,840,1,540,0,0,1,840,0.0002431943226864403,68.58328768614498,0.08164677105493451,0.993595882835923,E,0,0.0,0,0.0,12.247881784904497
9339710000000.0,4.57151E+12,モルトクラッカー 120g,550,田地商店,830,1,550,0,0,1,830,0.00024029915217826838,67.76681997559564,0.08164677105493451,0.9938361819881012,E,0,0.0,0,0.0,12.247881784904497
9352220000000.0,5.06041E+12,有機バリスタオーツミルク 1000ml,530,マイナーフィギュアズ,820,1,530,0,0,1,820,0.00023740398167009647,66.95035226504629,0.08164677105493451,0.9940735859697712,E,0,0.0,0,0.0,12.247881784904497
9352220000000.0,4.54079E+12,有機アルタイサジー (サジーピューレ飲料) 35ml,258,オーサワジャパン常温,400,2,516,0,0,2,800,0.00023161364065375266,65.31741684394761,0.16329354210986902,0.994305199610425,E,0,0.0,0,0.0,12.247881784904497
15266.0,4.9445E+12,いちごみるく飴 72g,243,B.ゆうき八百屋,390,2,486,0,0,2,780,0.00022582329963740885,63.68448142284892,0.16329354210986902,0.9945310229100623,E,0,0.0,0,0.0,12.247881784904497
9352220000000.0,4.59564E+12,低温殺菌ノンホモ牛乳 150ml,169,須藤牧場,260,3,507,0,0,3,780,0.00022582329963740885,63.68448142284892,0.24494031316480352,0.9947568462096996,E,0,0.0,0,0.0,12.247881784904497
9352220000000.0,8.85059E+12,オーガニックココナッツウォーター 330ml,238,ムソー常温,370,2,476,0,0,2,740,0.0002142426176047212,60.41861058065153,0.16329354210986902,0.9949710888273045,E,0,0.0,0,0.0,12.247881784904497
16118.0,4.56234E+12,純国産ポテトチップスのり塩 53g,151,ムソー常温,240,3,453,0,0,3,720,0.0002084522765883774,58.785675159552845,0.24494031316480352,0.9951795411038927,E,0,0.0,0,0.0,12.247881784904497
13805.0,4.90174E+12,メイシーちゃんのおきにいり さんかくおむすびのおせんべい 14g×4,231,創健社常温,360,2,462,0,0,2,720,0.0002084522765883774,58.785675159552845,0.16329354210986902,0.9953879933804811,E,0,0.0,0,0.0,12.247881784904497
9352220000000.0,4.51059E+12,yaetoco さわやかレモンのハンドクリーム 20ｇ,448,B.ゆうき八百屋,700,1,448,0,0,1,700,0.00020266193557203358,57.15273973845416,0.08164677105493451,0.9955906553160532,E,0,0.0,0,0.0,12.247881784904497
5615.0,4.90405E+12,ほたるいか素干し(いしり) 40g,428,つりや,670,1,428,0,0,1,670,0.00019397642404751786,54.703336606806126,0.08164677105493452,0.9957846317401007,E,0,0.0,0,0.0,12.247881784904493
9352220000000.0,2023060802,パタゴニアビール6本BOX,216,パタゴニア,330,2,432,0,0,2,660,0.00019108125353934594,53.88686889625677,0.16329354210986902,0.99597571299364,E,0,0.0,0,0.0,12.247881784904497
9352220000000.0,GJ0008,NICK JERKYギフトBOX,210,ニックジャーキー,330,2,420,0,0,2,660,0.00019108125353934594,53.88686889625677,0.16329354210986902,0.9961667942471794,E,0,0.0,0,0.0,12.247881784904497
9352220000000.0,2022112201,Harvest Saison 2025 350ml,405,ヨロッコビール,650,1,405,0,0,1,650,0.00018818608303117405,53.07040118570743,0.08164677105493451,0.9963549803302105,E,0,0.0,0,0.0,12.247881784904497
15980.0,4.56045E+12,KOMBUCHA SHISOボトル 300ml,395,大泉工場,630,1,395,0,0,1,630,0.0001823957420148302,51.43746576460874,0.08164677105493451,0.9965373760722253,E,0,0.0,0,0.0,12.247881784904497
9352220000000.0,4.95738E+12,生姜の幸 うすきせんべい・曲型(薄焼き) 5枚,360,後藤製菓,600,1,360,0,0,1,600,0.00017371023049031449,48.988062632960705,0.08164677105493451,0.9967110863027157,E,0,0.0,0,0.0,12.247881784904497
13790.0,4.93283E+12,オーサワの有機立科みそ汁,132,オーサワジャパン常温,200,3,396,0,0,3,600,0.00017371023049031449,48.988062632960705,0.24494031316480352,0.9968847965332059,E,0,0.0,0,0.0,12.247881784904497
9352220000000.0,2511224,焼き干し芋 110g,388,風と土,580,1,388,0,0,1,580,0.00016791988947397068,47.35512721186201,0.08164677105493451,0.9970527164226798,E,0,0.0,0,0.0,12.247881784904497
13207.0,4.90957E+12,きらず揚げ(しお) 100g,182,B.ゆうき八百屋,290,2,364,0,0,2,580,0.00016791988947397068,47.35512721186201,0.16329354210986902,0.9972206363121537,E,0,0.0,0,0.0,12.247881784904497
9352220000000.0,4.93283E+12,黒こしょうせんべい10枚,176,オーサワジャパン常温,280,2,352,0,0,2,560,0.00016212954845762687,45.722191790763326,0.16329354210986902,0.9973827658606113,E,0,0.0,0,0.0,12.247881784904497
9352220000000.0,5.06041E+12,バリスタオーツミルク 1000ml,343,マイナーフィギュアズ,550,1,343,0,0,1,550,0.00015923437794945495,44.90572408021398,0.08164677105493451,0.9975420002385608,E,0,0.0,0,0.0,12.247881784904497
9352220000000.0,4.59532E+12,ISLANDER 200ml,346,comorebi farm,530,1,346,0,0,1,530,0.00015344403693311114,43.27278865911529,0.08164677105493451,0.9976954442754938,E,0,0.0,0,0.0,12.247881784904497
9352220000000.0,8.41178E+12,有機ナチョスチップス 125g,300,ボーアンドボン,500,1,300,0,0,1,500,0.00014475852540859541,40.82338552746725,0.08164677105493451,0.9978402028009025,E,0,0.0,0,0.0,12.247881784904497
8945.0,42334194,有機スパークリング　ライムエイド　330ml,315,アリサン,480,1,315,0,0,1,480,0.0001389681843922516,39.190450106368566,0.08164677105493451,0.9979791709852945,E,0,0.0,0,0.0,12.247881784904497
9352220000000.0,4.56045E+12,FAR YEAST IPA 350ml 缶,296,FAR YEAST BREWING,460,1,296,0,0,1,460,0.00013317784337590777,37.55751468526987,0.08164677105493451,0.9981123488286705,E,0,0.0,0,0.0,12.247881784904497
9352220000000.0,4.56215E+12,白神野菜スティック 6個,297,C.ゆうき八百屋,460,1,297,0,0,1,460,0.00013317784337590777,37.55751468526987,0.08164677105493451,0.9982455266720464,E,0,0.0,0,0.0,12.247881784904497
6256.0,4.54574E+12,くるみのクッキー 80g,296,ガイア,460,1,296,0,0,1,460,0.00013317784337590777,37.55751468526987,0.08164677105493451,0.9983787045154222,E,0,0.0,0,0.0,12.247881784904497
9352220000000.0,4.56045E+12,FAR YEAST WHITE  350ml 缶,285,FAR YEAST BREWING,450,1,285,0,0,1,450,0.00013028267286773588,36.74104697472053,0.08164677105493452,0.99850898718829,E,0,0.0,0,0.0,12.247881784904493
12500.0,4.97373E+12,アップルグミ 20g×4,285,ムソー常温,430,1,285,0,0,1,430,0.00012449233185139207,35.108111553621846,0.08164677105493452,0.9986334795201415,E,0,0.0,0,0.0,12.247881784904493
9352220000000.0,4.57152E+12,Into Direct 3pcs,252,日本べリエールアートセンター,420,1,252,0,0,1,420,0.00012159716134322015,34.29164384307249,0.08164677105493451,0.9987550766814847,E,0,0.0,0,0.0,12.247881784904497
9352220000000.0,2023040403,ガルバニーナギフトBOX,260,バーチ,400,1,260,0,0,1,400,0.00011580682032687633,32.658708421973806,0.08164677105493451,0.9988708835018115,E,0,0.0,0,0.0,12.247881784904497
9352220000000.0,4.94716E+12,やさしい豆乳クッキー 黒蜜きな粉 7枚,245,B.ゆうき八百屋,390,1,245,0,0,1,390,0.00011291164981870442,31.84224071142446,0.08164677105493451,0.9989837951516303,E,0,0.0,0,0.0,12.247881784904497
9012.0,4.56215E+12,白神 チーズテーブルロール 3個入,241,C.ゆうき八百屋,380,1,241,0,0,1,380,0.00011001647931053252,31.025773000875116,0.08164677105493452,0.9990938116309409,E,0,0.0,0,0.0,12.247881784904493
9352220000000.0,2023061601,ラムレーズンクリームチーズベーグル 1個,252,アフィダメントベーグル,380,1,252,0,0,1,380,0.00011001647931053252,31.025773000875116,0.08164677105493452,0.9992038281102515,E,0,0.0,0,0.0,12.247881784904493
9352220000000.0,4.58976E+12,KIMINO MOMO 250g,226,キミノドリンク,380,1,226,0,0,1,380,0.00011001647931053252,31.025773000875116,0.08164677105493452,0.9993138445895622,E,0,0.0,0,0.0,12.247881784904493
11618.0,4.53171E+12,有機ジャスミン茶　500ml,100,海東ブラザーズ,180,2,200,0,0,2,360,0.0001042261382941887,29.392837579776423,0.16329354210986902,0.9994180707278564,E,0,0.0,0,0.0,12.247881784904497
9352220000000.0,4.58069E+12,プラントベースプロテインバー モカカカオ 1個,228,Wholesum Japan,350,1,228,0,0,1,350,0.00010133096778601679,28.57636986922708,0.08164677105493451,0.9995194016956424,E,0,0.0,0,0.0,12.247881784904497
14083.0,4.90801E+12,よつ葉 DESSERT YOGHURT 100g,105,C.ゆうき八百屋,160,2,210,0,0,2,320,9.264545626150107e-05,26.126966737579043,0.16329354210986902,0.9996120471519039,E,0,0.0,0,0.0,12.247881784904497
15448.0,4.00038E+12,オーガニックミニプレッツェル 40g,175,オーサワジャパン常温,300,1,175,0,0,1,300,8.685511524515724e-05,24.494031316480353,0.08164677105493451,0.999698902267149,E,0,0.0,0,0.0,12.247881784904497
9339710000000.0,4.58069E+12,ホールバー カカオ＆フィグ 40g,193,クラシックオーガニクス,290,1,193,0,0,1,290,8.395994473698534e-05,23.677563605931006,0.08164677105493451,0.9997828622118861,E,0,0.0,0,0.0,12.247881784904497
10720.0,4.96231E+12,ソフトな塩せん 2枚×8,182,B.ゆうき八百屋,280,1,182,0,0,1,280,8.106477422881343e-05,22.861095895381663,0.08164677105493451,0.9998639269861149,E,0,0.0,0,0.0,12.247881784904497
9352220000000.0,4.94514E+12,生姜スープ (1食分),91,コスモス食品,140,2,182,0,0,2,280,8.106477422881343e-05,22.861095895381663,0.16329354210986902,0.9999449917603439,E,0,0.0,0,0.0,12.247881784904497
10584.0,4.56038E+12,山形代表 ぶどう160g,130,ケイウンオフィスサポート,190,1,130,0,0,1,190,5.500823965526626e-05,15.512886500437558,0.08164677105493452,0.9999999999999992,E,0,0.0,0,0.0,12.247881784904493
9352220000000.0,4.58069E+12,柿ベースエナジーバー (ミックスベリー) 45g,211,Wholesum Japan,330,-1,-211,0,0,0,0,0.0,0.0,0.0,0.9999999999999992,E,0,0.0,0,0.0,999.0
11970.0,90911,紫いも黒ごまスイートポテトベーグル 1個,252,アフィダメントベーグル,380,-1,-252,0,0,0,0,0.0,0.0,0.0,0.9999999999999992,E,0,0.0,0,0.0,999.0
2175.0,4.57001E+12,マリールゥのパンケーキミックス 300g,468,マリールゥ,740,-1,-468,0,0,0,0,0.0,0.0,0.0,0.9999999999999992,E,0,0.0,0,0.0,999.0
9352220000000.0,4.59543E+12,RICE HACK 350ml,630,ひみつビール,980,-6,-3780,0,0,0,0,0.0,0.0,0.0,0.9999999999999992,E,0,0.0,0,0.0,999.0
9352220000000.0,20240519007,あんバター(丸パン) 1個,200,Garden House Crafts,290,-4,-800,0,0,0,0,0.0,0.0,0.0,0.9999999999999992,E,0,0.0,0,0.0,999.0
9352220000000.0,4.58069E+12,柿ベースエナジーバー (シーソルトチョコレート) 45g,211,Wholesum Japan,330,-19,-4009,0,0,0,0,0.0,0.0,0.0,0.9999999999999992,E,0,0.0,0,0.0,999.0
9352220000000.0,20241210knl001,ホリデーパウンドケーキ 1個,442,KANEL BREAD,650,-3,-1326,0,0,0,0,0.0,0.0,0.0,0.9999999999999992,E,0,0.0,0,0.0,999.0
